/*
Navicat MySQL Data Transfer

Source Server         : localhost_3306
Source Server Version : 50527
Source Host           : localhost:3306
Source Database       : dbpaketsetiawati

Target Server Type    : MYSQL
Target Server Version : 50527
File Encoding         : 65001

Date: 2016-03-05 14:49:40
*/

SET FOREIGN_KEY_CHECKS=0;

-- ----------------------------
-- Table structure for tb_angsuran
-- ----------------------------
DROP TABLE IF EXISTS `tb_angsuran`;
CREATE TABLE `tb_angsuran` (
  `no_ang` int(100) NOT NULL AUTO_INCREMENT,
  `id_user` int(14) NOT NULL,
  `id_pemesanan` varchar(4) NOT NULL,
  `id_pelanggan` varchar(4) NOT NULL,
  `tgl_awal` date NOT NULL,
  `tgl_akhir` date NOT NULL,
  `jml_hari` varchar(15) NOT NULL,
  `item_id` int(100) NOT NULL,
  `tgl_angsuran` date NOT NULL,
  `create_at` datetime NOT NULL,
  `update_at` datetime NOT NULL,
  PRIMARY KEY (`no_ang`,`id_pemesanan`,`item_id`)
) ENGINE=MyISAM AUTO_INCREMENT=577 DEFAULT CHARSET=latin1;

-- ----------------------------
-- Records of tb_angsuran
-- ----------------------------
INSERT INTO `tb_angsuran` VALUES ('1', '2', '5010', '5010', '2015-07-25', '2015-07-31', '7', '0', '2015-07-26', '0000-00-00 00:00:00', '0000-00-00 00:00:00');
INSERT INTO `tb_angsuran` VALUES ('2', '2', '5016', '5016', '2015-07-25', '2015-07-25', '1', '0', '2015-07-25', '0000-00-00 00:00:00', '0000-00-00 00:00:00');
INSERT INTO `tb_angsuran` VALUES ('3', '2', '5016', '5016', '2015-07-26', '2015-07-28', '3', '0', '2015-07-26', '0000-00-00 00:00:00', '0000-00-00 00:00:00');
INSERT INTO `tb_angsuran` VALUES ('4', '2', '5016', '5016', '2015-07-29', '2015-07-31', '3', '0', '2015-07-30', '0000-00-00 00:00:00', '0000-00-00 00:00:00');
INSERT INTO `tb_angsuran` VALUES ('5', '2', '4501', '4501', '2015-07-25', '2015-07-31', '7', '0', '2015-07-25', '0000-00-00 00:00:00', '0000-00-00 00:00:00');
INSERT INTO `tb_angsuran` VALUES ('6', '2', '5003', '5003', '2015-07-25', '2015-07-31', '7', '0', '2015-07-25', '0000-00-00 00:00:00', '0000-00-00 00:00:00');
INSERT INTO `tb_angsuran` VALUES ('7', '2', '5004', '5004', '2015-07-25', '2015-07-31', '7', '0', '2015-07-25', '0000-00-00 00:00:00', '0000-00-00 00:00:00');
INSERT INTO `tb_angsuran` VALUES ('8', '2', '5010', '5010', '2015-08-01', '2015-08-07', '7', '0', '2015-07-31', '0000-00-00 00:00:00', '0000-00-00 00:00:00');
INSERT INTO `tb_angsuran` VALUES ('9', '2', '5003', '5003', '2015-08-02', '2015-08-02', '1', '0', '2015-08-02', '0000-00-00 00:00:00', '0000-00-00 00:00:00');
INSERT INTO `tb_angsuran` VALUES ('10', '2', '5004', '5004', '2015-08-02', '2015-08-02', '1', '0', '2015-08-02', '0000-00-00 00:00:00', '0000-00-00 00:00:00');
INSERT INTO `tb_angsuran` VALUES ('11', '2', '5012', '5012', '2015-08-01', '2015-08-05', '5', '0', '2015-07-31', '0000-00-00 00:00:00', '0000-00-00 00:00:00');
INSERT INTO `tb_angsuran` VALUES ('12', '2', '5012', '5012', '2015-08-06', '2015-08-07', '2', '0', '2015-08-02', '0000-00-00 00:00:00', '0000-00-00 00:00:00');
INSERT INTO `tb_angsuran` VALUES ('13', '2', '5012', '5012', '2015-07-25', '2015-07-31', '7', '0', '2015-07-26', '0000-00-00 00:00:00', '0000-00-00 00:00:00');
INSERT INTO `tb_angsuran` VALUES ('14', '2', '4502', '4502', '2015-07-25', '2015-07-31', '7', '0', '2015-07-25', '0000-00-00 00:00:00', '0000-00-00 00:00:00');
INSERT INTO `tb_angsuran` VALUES ('15', '2', '4503', '4503', '2015-07-25', '2015-08-03', '10', '0', '2015-07-27', '0000-00-00 00:00:00', '0000-00-00 00:00:00');
INSERT INTO `tb_angsuran` VALUES ('16', '2', '4504', '4504', '2015-07-25', '2015-07-31', '7', '0', '2015-07-25', '0000-00-00 00:00:00', '0000-00-00 00:00:00');
INSERT INTO `tb_angsuran` VALUES ('17', '2', '4505', '4505', '2015-07-25', '2015-07-31', '7', '0', '2015-07-25', '0000-00-00 00:00:00', '0000-00-00 00:00:00');
INSERT INTO `tb_angsuran` VALUES ('18', '2', '4506', '4506', '2015-07-25', '2015-07-31', '7', '0', '2015-07-25', '0000-00-00 00:00:00', '0000-00-00 00:00:00');
INSERT INTO `tb_angsuran` VALUES ('19', '2', '4507', '4507', '2015-07-25', '2015-07-31', '7', '0', '2015-07-25', '0000-00-00 00:00:00', '0000-00-00 00:00:00');
INSERT INTO `tb_angsuran` VALUES ('20', '2', '4502', '4502', '2015-08-01', '2015-08-16', '16', '0', '2015-07-30', '0000-00-00 00:00:00', '0000-00-00 00:00:00');
INSERT INTO `tb_angsuran` VALUES ('21', '2', '5001', '5001', '2015-07-25', '2015-07-31', '7', '0', '2015-07-25', '0000-00-00 00:00:00', '0000-00-00 00:00:00');
INSERT INTO `tb_angsuran` VALUES ('22', '2', '5002', '5002', '2015-07-25', '2015-07-31', '7', '0', '2015-07-25', '0000-00-00 00:00:00', '0000-00-00 00:00:00');
INSERT INTO `tb_angsuran` VALUES ('23', '2', '5005', '5005', '2015-07-25', '2015-07-31', '7', '0', '2015-07-26', '0000-00-00 00:00:00', '0000-00-00 00:00:00');
INSERT INTO `tb_angsuran` VALUES ('24', '2', '5005', '5005', '2015-08-01', '2015-08-07', '7', '0', '2015-08-02', '0000-00-00 00:00:00', '0000-00-00 00:00:00');
INSERT INTO `tb_angsuran` VALUES ('25', '2', '5006', '5006', '2015-07-25', '2015-07-31', '7', '0', '2015-07-25', '0000-00-00 00:00:00', '0000-00-00 00:00:00');
INSERT INTO `tb_angsuran` VALUES ('26', '2', '5007', '5007', '2015-07-25', '2015-07-31', '7', '0', '2015-07-25', '0000-00-00 00:00:00', '0000-00-00 00:00:00');
INSERT INTO `tb_angsuran` VALUES ('27', '2', '5008', '5008', '2015-07-25', '2015-07-31', '7', '0', '2015-07-25', '0000-00-00 00:00:00', '0000-00-00 00:00:00');
INSERT INTO `tb_angsuran` VALUES ('28', '2', '5009', '5009', '2015-07-25', '2015-07-31', '7', '0', '2015-07-25', '0000-00-00 00:00:00', '0000-00-00 00:00:00');
INSERT INTO `tb_angsuran` VALUES ('30', '2', '5009', '5009', '2015-08-01', '2015-08-02', '2', '0', '2015-08-01', '0000-00-00 00:00:00', '0000-00-00 00:00:00');
INSERT INTO `tb_angsuran` VALUES ('31', '2', '5011', '5011', '2015-07-25', '2015-07-31', '7', '0', '2015-07-25', '0000-00-00 00:00:00', '0000-00-00 00:00:00');
INSERT INTO `tb_angsuran` VALUES ('32', '2', '5013', '5013', '2015-07-25', '2015-07-31', '7', '0', '2015-07-25', '0000-00-00 00:00:00', '0000-00-00 00:00:00');
INSERT INTO `tb_angsuran` VALUES ('33', '2', '5014', '5014', '2015-07-25', '2015-08-01', '8', '0', '2015-07-25', '0000-00-00 00:00:00', '0000-00-00 00:00:00');
INSERT INTO `tb_angsuran` VALUES ('34', '2', '5014', '5014', '2015-08-02', '2015-08-11', '10', '0', '2015-08-02', '0000-00-00 00:00:00', '0000-00-00 00:00:00');
INSERT INTO `tb_angsuran` VALUES ('35', '2', '5015', '5015', '2015-07-25', '2015-07-31', '7', '0', '2015-07-25', '0000-00-00 00:00:00', '0000-00-00 00:00:00');
INSERT INTO `tb_angsuran` VALUES ('36', '2', '5016', '5016', '2015-08-01', '2015-08-03', '3', '0', '2015-08-02', '0000-00-00 00:00:00', '0000-00-00 00:00:00');
INSERT INTO `tb_angsuran` VALUES ('37', '2', '5017', '5017', '2015-07-25', '2015-07-30', '6', '0', '2015-07-25', '0000-00-00 00:00:00', '0000-00-00 00:00:00');
INSERT INTO `tb_angsuran` VALUES ('38', '2', '5017', '5017', '2015-07-31', '2015-08-01', '2', '0', '2015-08-01', '0000-00-00 00:00:00', '0000-00-00 00:00:00');
INSERT INTO `tb_angsuran` VALUES ('39', '2', '5018', '5018', '2015-07-25', '2015-07-27', '3', '0', '2015-07-25', '0000-00-00 00:00:00', '0000-00-00 00:00:00');
INSERT INTO `tb_angsuran` VALUES ('40', '2', '5019', '5019', '2015-07-25', '2015-09-02', '40', '0', '2015-08-24', '0000-00-00 00:00:00', '0000-00-00 00:00:00');
INSERT INTO `tb_angsuran` VALUES ('42', '2', '5020', '5020', '2015-07-25', '2015-07-31', '7', '0', '2015-07-25', '0000-00-00 00:00:00', '0000-00-00 00:00:00');
INSERT INTO `tb_angsuran` VALUES ('43', '2', '5021', '5021', '2015-07-25', '2015-07-31', '7', '0', '2015-07-25', '0000-00-00 00:00:00', '0000-00-00 00:00:00');
INSERT INTO `tb_angsuran` VALUES ('44', '2', '5021', '5021', '2015-08-01', '2015-08-31', '31', '0', '2015-07-27', '0000-00-00 00:00:00', '0000-00-00 00:00:00');
INSERT INTO `tb_angsuran` VALUES ('46', '2', '5001', '5001', '2015-08-01', '2015-08-16', '16', '0', '2015-07-30', '0000-00-00 00:00:00', '0000-00-00 00:00:00');
INSERT INTO `tb_angsuran` VALUES ('47', '2', '5002', '5002', '2015-08-01', '2015-08-02', '2', '0', '2015-08-02', '0000-00-00 00:00:00', '0000-00-00 00:00:00');
INSERT INTO `tb_angsuran` VALUES ('48', '2', '4504', '4504', '2015-08-01', '2015-08-02', '2', '0', '2015-08-02', '0000-00-00 00:00:00', '0000-00-00 00:00:00');
INSERT INTO `tb_angsuran` VALUES ('49', '2', '5022', '5022', '2015-07-25', '2015-08-03', '10', '0', '2015-08-01', '0000-00-00 00:00:00', '0000-00-00 00:00:00');
INSERT INTO `tb_angsuran` VALUES ('50', '2', '5023', '5023', '2015-07-25', '2015-08-03', '10', '0', '2015-08-01', '0000-00-00 00:00:00', '0000-00-00 00:00:00');
INSERT INTO `tb_angsuran` VALUES ('51', '2', '5024', '5024', '2015-07-25', '2015-08-02', '9', '0', '2015-08-02', '0000-00-00 00:00:00', '0000-00-00 00:00:00');
INSERT INTO `tb_angsuran` VALUES ('52', '2', '5020', '5020', '2015-08-01', '2015-08-02', '2', '0', '2015-08-03', '0000-00-00 00:00:00', '0000-00-00 00:00:00');
INSERT INTO `tb_angsuran` VALUES ('53', '2', '4507', '4507', '2015-08-01', '2016-05-19', '293', '0', '2015-08-03', '0000-00-00 00:00:00', '0000-00-00 00:00:00');
INSERT INTO `tb_angsuran` VALUES ('55', '2', '4504', '4504', '2015-08-03', '2015-08-03', '1', '0', '2015-08-03', '0000-00-00 00:00:00', '0000-00-00 00:00:00');
INSERT INTO `tb_angsuran` VALUES ('56', '2', '5002', '5002', '2015-08-03', '2015-08-03', '1', '0', '2015-08-03', '0000-00-00 00:00:00', '0000-00-00 00:00:00');
INSERT INTO `tb_angsuran` VALUES ('57', '4', '4501', '4501', '2015-08-01', '2016-05-19', '293', '0', '2015-08-03', '0000-00-00 00:00:00', '0000-00-00 00:00:00');
INSERT INTO `tb_angsuran` VALUES ('58', '4', '5015', '5015', '2015-08-01', '2015-08-31', '31', '0', '2015-08-03', '0000-00-00 00:00:00', '0000-00-00 00:00:00');
INSERT INTO `tb_angsuran` VALUES ('59', '4', '4508', '4508', '2015-07-25', '2015-07-31', '7', '0', '2015-08-03', '0000-00-00 00:00:00', '0000-00-00 00:00:00');
INSERT INTO `tb_angsuran` VALUES ('60', '2', '5017', '5017', '2015-08-02', '2015-08-03', '2', '0', '2015-08-04', '0000-00-00 00:00:00', '0000-00-00 00:00:00');
INSERT INTO `tb_angsuran` VALUES ('61', '2', '4504', '4504', '2015-08-04', '2015-08-04', '1', '0', '2015-08-04', '0000-00-00 00:00:00', '0000-00-00 00:00:00');
INSERT INTO `tb_angsuran` VALUES ('62', '2', '5002', '5002', '2015-08-04', '2015-08-04', '1', '0', '2015-08-04', '0000-00-00 00:00:00', '0000-00-00 00:00:00');
INSERT INTO `tb_angsuran` VALUES ('63', '2', '5013', '5013', '2015-08-01', '2015-08-04', '4', '0', '2015-08-03', '0000-00-00 00:00:00', '0000-00-00 00:00:00');
INSERT INTO `tb_angsuran` VALUES ('64', '2', '5009', '5009', '2015-08-03', '2015-08-05', '3', '0', '2015-08-03', '0000-00-00 00:00:00', '0000-00-00 00:00:00');
INSERT INTO `tb_angsuran` VALUES ('65', '2', '5021', '5021', '2015-09-01', '2015-09-02', '2', '0', '2015-07-27', '0000-00-00 00:00:00', '0000-00-00 00:00:00');
INSERT INTO `tb_angsuran` VALUES ('66', '2', '5021', '5021', '2015-09-03', '2015-09-03', '1', '0', '2015-08-03', '0000-00-00 00:00:00', '0000-00-00 00:00:00');
INSERT INTO `tb_angsuran` VALUES ('67', '2', '5011', '5011', '2015-08-01', '2015-08-04', '4', '0', '2015-08-03', '0000-00-00 00:00:00', '0000-00-00 00:00:00');
INSERT INTO `tb_angsuran` VALUES ('68', '2', '5025', '5025', '2015-08-01', '2015-08-04', '4', '0', '2015-08-04', '0000-00-00 00:00:00', '0000-00-00 00:00:00');
INSERT INTO `tb_angsuran` VALUES ('69', '2', '5025', '5025', '2015-07-25', '2015-07-31', '7', '0', '2015-08-04', '0000-00-00 00:00:00', '0000-00-00 00:00:00');
INSERT INTO `tb_angsuran` VALUES ('70', '2', '5026', '5026', '2015-07-25', '2015-07-31', '7', '0', '2015-08-04', '0000-00-00 00:00:00', '0000-00-00 00:00:00');
INSERT INTO `tb_angsuran` VALUES ('71', '2', '5026', '5026', '2015-08-01', '2015-08-05', '5', '0', '2015-08-05', '0000-00-00 00:00:00', '0000-00-00 00:00:00');
INSERT INTO `tb_angsuran` VALUES ('72', '2', '5003', '5003', '2015-08-03', '2015-08-05', '3', '0', '2015-08-05', '0000-00-00 00:00:00', '0000-00-00 00:00:00');
INSERT INTO `tb_angsuran` VALUES ('73', '2', '5004', '5004', '2015-08-03', '2015-08-05', '3', '0', '2015-08-05', '0000-00-00 00:00:00', '0000-00-00 00:00:00');
INSERT INTO `tb_angsuran` VALUES ('74', '2', '5020', '5020', '2015-08-03', '2015-08-04', '2', '0', '2015-08-05', '0000-00-00 00:00:00', '0000-00-00 00:00:00');
INSERT INTO `tb_angsuran` VALUES ('75', '2', '4504', '4504', '2015-08-05', '2015-08-05', '1', '0', '2015-08-05', '0000-00-00 00:00:00', '0000-00-00 00:00:00');
INSERT INTO `tb_angsuran` VALUES ('76', '2', '5002', '5002', '2015-08-05', '2015-08-05', '1', '0', '2015-08-05', '0000-00-00 00:00:00', '0000-00-00 00:00:00');
INSERT INTO `tb_angsuran` VALUES ('77', '2', '5016', '5016', '2015-08-04', '2015-08-07', '4', '0', '2015-08-05', '0000-00-00 00:00:00', '0000-00-00 00:00:00');
INSERT INTO `tb_angsuran` VALUES ('78', '2', '5009', '5009', '2015-08-06', '2015-08-09', '4', '0', '2015-08-05', '0000-00-00 00:00:00', '0000-00-00 00:00:00');
INSERT INTO `tb_angsuran` VALUES ('79', '2', '5023', '5023', '2015-08-04', '2015-08-05', '2', '0', '2015-08-05', '0000-00-00 00:00:00', '0000-00-00 00:00:00');
INSERT INTO `tb_angsuran` VALUES ('80', '2', '5017', '5017', '2015-08-04', '2015-08-05', '2', '0', '2015-08-05', '0000-00-00 00:00:00', '0000-00-00 00:00:00');
INSERT INTO `tb_angsuran` VALUES ('81', '2', '5022', '5022', '2015-08-04', '2015-08-05', '2', '0', '2015-08-05', '0000-00-00 00:00:00', '0000-00-00 00:00:00');
INSERT INTO `tb_angsuran` VALUES ('82', '2', '5025', '5025', '2015-08-05', '2015-08-05', '1', '0', '2015-08-05', '0000-00-00 00:00:00', '0000-00-00 00:00:00');
INSERT INTO `tb_angsuran` VALUES ('83', '2', '5022', '5022', '2015-08-06', '2015-08-06', '1', '0', '2015-08-05', '0000-00-00 00:00:00', '0000-00-00 00:00:00');
INSERT INTO `tb_angsuran` VALUES ('84', '2', '5020', '5020', '2015-08-05', '2015-08-06', '2', '0', '2015-08-06', '0000-00-00 00:00:00', '0000-00-00 00:00:00');
INSERT INTO `tb_angsuran` VALUES ('85', '2', '5004', '5004', '2015-08-01', '2015-08-01', '1', '0', '2015-08-01', '0000-00-00 00:00:00', '0000-00-00 00:00:00');
INSERT INTO `tb_angsuran` VALUES ('86', '2', '5003', '5003', '2015-08-01', '2015-08-01', '1', '0', '2015-08-01', '0000-00-00 00:00:00', '0000-00-00 00:00:00');
INSERT INTO `tb_angsuran` VALUES ('87', '2', '4504', '4504', '2015-08-06', '2015-08-07', '2', '0', '2015-08-07', '0000-00-00 00:00:00', '0000-00-00 00:00:00');
INSERT INTO `tb_angsuran` VALUES ('88', '2', '5002', '5002', '2015-08-06', '2015-08-07', '2', '0', '2015-08-07', '0000-00-00 00:00:00', '0000-00-00 00:00:00');
INSERT INTO `tb_angsuran` VALUES ('89', '2', '5018', '5018', '2015-07-28', '2015-08-12', '16', '0', '2015-08-07', '0000-00-00 00:00:00', '0000-00-00 00:00:00');
INSERT INTO `tb_angsuran` VALUES ('90', '4', '5004', '5004', '2015-08-06', '2015-08-08', '3', '0', '2015-08-07', '0000-00-00 00:00:00', '0000-00-00 00:00:00');
INSERT INTO `tb_angsuran` VALUES ('91', '4', '5003', '5003', '2015-08-06', '2015-08-08', '3', '0', '2015-08-07', '0000-00-00 00:00:00', '0000-00-00 00:00:00');
INSERT INTO `tb_angsuran` VALUES ('92', '4', '5017', '5017', '2015-08-06', '2015-08-07', '2', '0', '2015-08-07', '0000-00-00 00:00:00', '0000-00-00 00:00:00');
INSERT INTO `tb_angsuran` VALUES ('93', '2', '5016', '5016', '2015-08-08', '2015-08-10', '3', '0', '2015-08-08', '0000-00-00 00:00:00', '0000-00-00 00:00:00');
INSERT INTO `tb_angsuran` VALUES ('94', '2', '5020', '5020', '2015-08-07', '2015-08-09', '3', '0', '2015-08-08', '0000-00-00 00:00:00', '0000-00-00 00:00:00');
INSERT INTO `tb_angsuran` VALUES ('95', '2', '5017', '5017', '2015-08-08', '2015-08-08', '1', '0', '2015-08-08', '0000-00-00 00:00:00', '0000-00-00 00:00:00');
INSERT INTO `tb_angsuran` VALUES ('96', '4', '5006', '5006', '2015-08-01', '2015-08-10', '10', '0', '2015-08-08', '0000-00-00 00:00:00', '0000-00-00 00:00:00');
INSERT INTO `tb_angsuran` VALUES ('97', '4', '5027', '5027', '2015-07-25', '2015-08-13', '20', '0', '2015-08-09', '0000-00-00 00:00:00', '0000-00-00 00:00:00');
INSERT INTO `tb_angsuran` VALUES ('98', '2', '4505', '4505', '2015-08-01', '2015-08-31', '31', '0', '2015-08-08', '0000-00-00 00:00:00', '0000-00-00 00:00:00');
INSERT INTO `tb_angsuran` VALUES ('99', '4', '5022', '5022', '2015-08-07', '2015-08-11', '5', '0', '2015-08-09', '0000-00-00 00:00:00', '0000-00-00 00:00:00');
INSERT INTO `tb_angsuran` VALUES ('100', '4', '4506', '4506', '2015-08-01', '2015-08-16', '16', '0', '2015-08-09', '0000-00-00 00:00:00', '0000-00-00 00:00:00');
INSERT INTO `tb_angsuran` VALUES ('101', '4', '5008', '5008', '2015-08-01', '2015-08-10', '10', '0', '2015-08-09', '0000-00-00 00:00:00', '0000-00-00 00:00:00');
INSERT INTO `tb_angsuran` VALUES ('102', '4', '5004', '5004', '2015-08-09', '2015-08-11', '3', '0', '2015-08-09', '0000-00-00 00:00:00', '0000-00-00 00:00:00');
INSERT INTO `tb_angsuran` VALUES ('103', '4', '5003', '5003', '2015-08-09', '2015-08-09', '1', '0', '2015-08-09', '0000-00-00 00:00:00', '0000-00-00 00:00:00');
INSERT INTO `tb_angsuran` VALUES ('104', '4', '5028', '5028', '2015-07-25', '2015-08-10', '17', '0', '2015-08-09', '0000-00-00 00:00:00', '0000-00-00 00:00:00');
INSERT INTO `tb_angsuran` VALUES ('105', '4', '5017', '5017', '2015-08-09', '2015-08-09', '1', '0', '2015-08-09', '0000-00-00 00:00:00', '0000-00-00 00:00:00');
INSERT INTO `tb_angsuran` VALUES ('106', '4', '5009', '5009', '2015-08-10', '2015-08-13', '4', '0', '2015-08-09', '0000-00-00 00:00:00', '0000-00-00 00:00:00');
INSERT INTO `tb_angsuran` VALUES ('107', '4', '5007', '5007', '2015-08-01', '2015-08-16', '16', '0', '2015-08-09', '0000-00-00 00:00:00', '0000-00-00 00:00:00');
INSERT INTO `tb_angsuran` VALUES ('108', '4', '5029', '5029', '2015-07-25', '2015-08-03', '10', '0', '2015-08-09', '0000-00-00 00:00:00', '0000-00-00 00:00:00');
INSERT INTO `tb_angsuran` VALUES ('109', '4', '5025', '5025', '2015-08-06', '2015-08-11', '6', '0', '2015-08-09', '0000-00-00 00:00:00', '0000-00-00 00:00:00');
INSERT INTO `tb_angsuran` VALUES ('110', '4', '5002', '5002', '2015-08-08', '2015-08-09', '2', '0', '2015-08-09', '0000-00-00 00:00:00', '0000-00-00 00:00:00');
INSERT INTO `tb_angsuran` VALUES ('111', '4', '4504', '4504', '2015-08-08', '2015-08-09', '2', '0', '2015-08-09', '0000-00-00 00:00:00', '0000-00-00 00:00:00');
INSERT INTO `tb_angsuran` VALUES ('112', '2', '5020', '5020', '2015-08-10', '2015-08-11', '2', '0', '2015-08-10', '0000-00-00 00:00:00', '0000-00-00 00:00:00');
INSERT INTO `tb_angsuran` VALUES ('113', '2', '5017', '5017', '2015-08-10', '2015-08-10', '1', '0', '2015-08-10', '0000-00-00 00:00:00', '0000-00-00 00:00:00');
INSERT INTO `tb_angsuran` VALUES ('114', '2', '5028', '5028', '2015-08-11', '2015-08-11', '1', '0', '2015-08-11', '0000-00-00 00:00:00', '0000-00-00 00:00:00');
INSERT INTO `tb_angsuran` VALUES ('115', '2', '5003', '5003', '2015-08-10', '2015-08-11', '2', '0', '2015-08-11', '0000-00-00 00:00:00', '0000-00-00 00:00:00');
INSERT INTO `tb_angsuran` VALUES ('116', '2', '4504', '4504', '2015-08-10', '2015-08-11', '2', '0', '2015-08-11', '0000-00-00 00:00:00', '0000-00-00 00:00:00');
INSERT INTO `tb_angsuran` VALUES ('117', '2', '5002', '5002', '2015-08-10', '2015-08-11', '2', '0', '2015-08-11', '0000-00-00 00:00:00', '0000-00-00 00:00:00');
INSERT INTO `tb_angsuran` VALUES ('118', '2', '5016', '5016', '2015-08-11', '2015-08-14', '4', '0', '2015-08-11', '0000-00-00 00:00:00', '0000-00-00 00:00:00');
INSERT INTO `tb_angsuran` VALUES ('119', '2', '5028', '5028', '2015-08-12', '2015-08-13', '2', '0', '2015-08-12', '0000-00-00 00:00:00', '0000-00-00 00:00:00');
INSERT INTO `tb_angsuran` VALUES ('120', '2', '5003', '5003', '2015-08-12', '2015-08-12', '1', '0', '2015-08-12', '0000-00-00 00:00:00', '0000-00-00 00:00:00');
INSERT INTO `tb_angsuran` VALUES ('121', '2', '5004', '5004', '2015-08-12', '2015-08-12', '1', '0', '2015-08-12', '0000-00-00 00:00:00', '0000-00-00 00:00:00');
INSERT INTO `tb_angsuran` VALUES ('122', '2', '4504', '4504', '2015-08-12', '2015-08-12', '1', '0', '2015-08-12', '0000-00-00 00:00:00', '0000-00-00 00:00:00');
INSERT INTO `tb_angsuran` VALUES ('123', '2', '5002', '5002', '2015-08-12', '2015-08-12', '1', '0', '2015-08-12', '0000-00-00 00:00:00', '0000-00-00 00:00:00');
INSERT INTO `tb_angsuran` VALUES ('124', '2', '4504', '4504', '2015-08-13', '2015-08-13', '1', '0', '2015-08-13', '0000-00-00 00:00:00', '0000-00-00 00:00:00');
INSERT INTO `tb_angsuran` VALUES ('125', '2', '5002', '5002', '2015-08-13', '2015-08-13', '1', '0', '2015-08-13', '0000-00-00 00:00:00', '0000-00-00 00:00:00');
INSERT INTO `tb_angsuran` VALUES ('126', '2', '5009', '5009', '2015-08-14', '2015-08-23', '10', '0', '2015-08-13', '0000-00-00 00:00:00', '0000-00-00 00:00:00');
INSERT INTO `tb_angsuran` VALUES ('127', '2', '4504', '4504', '2015-08-14', '2015-08-14', '1', '0', '2015-08-14', '0000-00-00 00:00:00', '0000-00-00 00:00:00');
INSERT INTO `tb_angsuran` VALUES ('128', '2', '5002', '5002', '2015-08-14', '2015-08-14', '1', '0', '2015-08-14', '0000-00-00 00:00:00', '0000-00-00 00:00:00');
INSERT INTO `tb_angsuran` VALUES ('129', '2', '5024', '5024', '2015-08-03', '2015-08-14', '12', '0', '2015-08-14', '0000-00-00 00:00:00', '0000-00-00 00:00:00');
INSERT INTO `tb_angsuran` VALUES ('130', '2', '5020', '5020', '2015-08-12', '2015-08-15', '4', '0', '2015-08-14', '0000-00-00 00:00:00', '0000-00-00 00:00:00');
INSERT INTO `tb_angsuran` VALUES ('131', '2', '5003', '5003', '2015-08-13', '2015-08-14', '2', '0', '2015-08-14', '0000-00-00 00:00:00', '0000-00-00 00:00:00');
INSERT INTO `tb_angsuran` VALUES ('132', '2', '5028', '5028', '2015-08-14', '2015-08-14', '1', '0', '2015-08-14', '0000-00-00 00:00:00', '0000-00-00 00:00:00');
INSERT INTO `tb_angsuran` VALUES ('133', '2', '5004', '5004', '2015-08-13', '2015-08-14', '2', '0', '2015-08-14', '0000-00-00 00:00:00', '0000-00-00 00:00:00');
INSERT INTO `tb_angsuran` VALUES ('487', '2', '4503', '4503', '2016-01-01', '2016-01-03', '3', '0', '2015-08-27', '0000-00-00 00:00:00', '0000-00-00 00:00:00');
INSERT INTO `tb_angsuran` VALUES ('135', '2', '4503', '4503', '2015-08-04', '2015-08-18', '15', '0', '2015-08-14', '0000-00-00 00:00:00', '0000-00-00 00:00:00');
INSERT INTO `tb_angsuran` VALUES ('136', '2', '5016', '5016', '2015-08-15', '2015-08-18', '4', '0', '2015-08-15', '0000-00-00 00:00:00', '0000-00-00 00:00:00');
INSERT INTO `tb_angsuran` VALUES ('137', '2', '5002', '5002', '2015-08-15', '2015-08-15', '1', '0', '2015-08-15', '0000-00-00 00:00:00', '0000-00-00 00:00:00');
INSERT INTO `tb_angsuran` VALUES ('138', '2', '4504', '4504', '2015-08-15', '2015-08-15', '1', '0', '2015-08-15', '0000-00-00 00:00:00', '0000-00-00 00:00:00');
INSERT INTO `tb_angsuran` VALUES ('139', '2', '5012', '5012', '2015-08-08', '2015-08-14', '7', '0', '2015-08-15', '0000-00-00 00:00:00', '0000-00-00 00:00:00');
INSERT INTO `tb_angsuran` VALUES ('140', '2', '5017', '5017', '2015-08-11', '2015-08-15', '5', '0', '2015-08-16', '0000-00-00 00:00:00', '0000-00-00 00:00:00');
INSERT INTO `tb_angsuran` VALUES ('141', '2', '5006', '5006', '2015-08-11', '2015-08-15', '5', '0', '2015-08-16', '0000-00-00 00:00:00', '0000-00-00 00:00:00');
INSERT INTO `tb_angsuran` VALUES ('142', '2', '5025', '5025', '2015-08-12', '2015-08-17', '6', '0', '2015-08-16', '0000-00-00 00:00:00', '0000-00-00 00:00:00');
INSERT INTO `tb_angsuran` VALUES ('143', '2', '5022', '5022', '2015-08-12', '2015-08-16', '5', '0', '2015-08-16', '0000-00-00 00:00:00', '0000-00-00 00:00:00');
INSERT INTO `tb_angsuran` VALUES ('144', '2', '5023', '5023', '2015-08-06', '2015-08-15', '10', '0', '2015-08-16', '0000-00-00 00:00:00', '0000-00-00 00:00:00');
INSERT INTO `tb_angsuran` VALUES ('145', '2', '5014', '5014', '2015-08-12', '2015-08-21', '10', '0', '2015-08-16', '0000-00-00 00:00:00', '0000-00-00 00:00:00');
INSERT INTO `tb_angsuran` VALUES ('146', '2', '5027', '5027', '2015-08-14', '2015-08-18', '5', '0', '2015-08-16', '0000-00-00 00:00:00', '0000-00-00 00:00:00');
INSERT INTO `tb_angsuran` VALUES ('147', '2', '5004', '5004', '2015-08-15', '2015-08-17', '3', '0', '2015-08-17', '0000-00-00 00:00:00', '0000-00-00 00:00:00');
INSERT INTO `tb_angsuran` VALUES ('148', '2', '5003', '5003', '2015-08-15', '2015-08-15', '1', '0', '2015-08-17', '0000-00-00 00:00:00', '0000-00-00 00:00:00');
INSERT INTO `tb_angsuran` VALUES ('149', '2', '5028', '5028', '2015-08-15', '2015-08-15', '1', '0', '2015-08-17', '0000-00-00 00:00:00', '0000-00-00 00:00:00');
INSERT INTO `tb_angsuran` VALUES ('150', '2', '5005', '5005', '2015-08-08', '2015-08-14', '7', '0', '2015-08-17', '0000-00-00 00:00:00', '0000-00-00 00:00:00');
INSERT INTO `tb_angsuran` VALUES ('151', '2', '5030', '5030', '2015-07-25', '2015-08-17', '24', '0', '2015-08-17', '0000-00-00 00:00:00', '0000-00-00 00:00:00');
INSERT INTO `tb_angsuran` VALUES ('152', '2', '5020', '5020', '2015-08-16', '2015-08-18', '3', '0', '2015-08-18', '0000-00-00 00:00:00', '0000-00-00 00:00:00');
INSERT INTO `tb_angsuran` VALUES ('153', '2', '5004', '5004', '2015-08-18', '2015-08-18', '1', '0', '2015-08-18', '0000-00-00 00:00:00', '0000-00-00 00:00:00');
INSERT INTO `tb_angsuran` VALUES ('154', '2', '5003', '5003', '2015-08-16', '2015-08-16', '1', '0', '2015-08-18', '0000-00-00 00:00:00', '0000-00-00 00:00:00');
INSERT INTO `tb_angsuran` VALUES ('155', '2', '5002', '5002', '2015-08-16', '2015-08-17', '2', '0', '2015-08-18', '0000-00-00 00:00:00', '0000-00-00 00:00:00');
INSERT INTO `tb_angsuran` VALUES ('156', '2', '4504', '4504', '2015-08-16', '2015-08-17', '2', '0', '2015-08-18', '0000-00-00 00:00:00', '0000-00-00 00:00:00');
INSERT INTO `tb_angsuran` VALUES ('157', '2', '5028', '5028', '2015-08-16', '2015-08-16', '1', '0', '2015-08-18', '0000-00-00 00:00:00', '0000-00-00 00:00:00');
INSERT INTO `tb_angsuran` VALUES ('158', '2', '5028', '5028', '2015-08-17', '2015-08-19', '3', '0', '2015-08-19', '0000-00-00 00:00:00', '0000-00-00 00:00:00');
INSERT INTO `tb_angsuran` VALUES ('159', '2', '5003', '5003', '2015-08-17', '2015-08-18', '2', '0', '2015-08-19', '0000-00-00 00:00:00', '0000-00-00 00:00:00');
INSERT INTO `tb_angsuran` VALUES ('160', '2', '5004', '5004', '2015-08-19', '2015-08-19', '1', '0', '2015-08-19', '0000-00-00 00:00:00', '0000-00-00 00:00:00');
INSERT INTO `tb_angsuran` VALUES ('161', '2', '5017', '5017', '2015-08-16', '2015-08-18', '3', '0', '2015-08-19', '0000-00-00 00:00:00', '0000-00-00 00:00:00');
INSERT INTO `tb_angsuran` VALUES ('162', '2', '4504', '4504', '2015-08-18', '2015-08-19', '2', '0', '2015-08-20', '0000-00-00 00:00:00', '0000-00-00 00:00:00');
INSERT INTO `tb_angsuran` VALUES ('163', '2', '5002', '5002', '2015-08-18', '2015-08-19', '2', '0', '2015-08-20', '0000-00-00 00:00:00', '0000-00-00 00:00:00');
INSERT INTO `tb_angsuran` VALUES ('164', '2', '4506', '4506', '2015-08-17', '2015-08-31', '15', '0', '2015-08-22', '0000-00-00 00:00:00', '0000-00-00 00:00:00');
INSERT INTO `tb_angsuran` VALUES ('165', '2', '5020', '5020', '2015-08-19', '2015-08-21', '3', '0', '2015-08-22', '0000-00-00 00:00:00', '0000-00-00 00:00:00');
INSERT INTO `tb_angsuran` VALUES ('166', '2', '5028', '5028', '2015-08-20', '2015-08-22', '3', '0', '2015-08-22', '0000-00-00 00:00:00', '0000-00-00 00:00:00');
INSERT INTO `tb_angsuran` VALUES ('167', '2', '5003', '5003', '2015-08-19', '2015-08-22', '4', '0', '2015-08-22', '0000-00-00 00:00:00', '0000-00-00 00:00:00');
INSERT INTO `tb_angsuran` VALUES ('168', '2', '5016', '5016', '2015-08-19', '2015-08-23', '5', '0', '2015-08-22', '0000-00-00 00:00:00', '0000-00-00 00:00:00');
INSERT INTO `tb_angsuran` VALUES ('169', '2', '5030', '5030', '2015-08-18', '2015-08-22', '5', '0', '2015-08-22', '0000-00-00 00:00:00', '0000-00-00 00:00:00');
INSERT INTO `tb_angsuran` VALUES ('170', '2', '5024', '5024', '2015-08-15', '2015-09-03', '20', '0', '2015-08-22', '0000-00-00 00:00:00', '0000-00-00 00:00:00');
INSERT INTO `tb_angsuran` VALUES ('171', '4', '5009', '5009', '2015-08-24', '2015-08-27', '4', '0', '2015-08-23', '0000-00-00 00:00:00', '0000-00-00 00:00:00');
INSERT INTO `tb_angsuran` VALUES ('172', '4', '5029', '5029', '2015-08-04', '2015-08-13', '10', '0', '2015-08-23', '0000-00-00 00:00:00', '0000-00-00 00:00:00');
INSERT INTO `tb_angsuran` VALUES ('173', '4', '4509', '4509', '2015-07-25', '2015-08-16', '23', '0', '2015-08-22', '0000-00-00 00:00:00', '0000-00-00 00:00:00');
INSERT INTO `tb_angsuran` VALUES ('174', '2', '5004', '5004', '2015-08-20', '2015-08-22', '3', '0', '2015-08-24', '0000-00-00 00:00:00', '0000-00-00 00:00:00');
INSERT INTO `tb_angsuran` VALUES ('175', '2', '5003', '5003', '2015-08-23', '2015-08-24', '2', '0', '2015-08-24', '0000-00-00 00:00:00', '0000-00-00 00:00:00');
INSERT INTO `tb_angsuran` VALUES ('176', '2', '5028', '5028', '2015-08-23', '2015-08-24', '2', '0', '2015-08-24', '0000-00-00 00:00:00', '0000-00-00 00:00:00');
INSERT INTO `tb_angsuran` VALUES ('177', '2', '4504', '4504', '2015-08-20', '2015-08-21', '2', '0', '2015-08-24', '0000-00-00 00:00:00', '0000-00-00 00:00:00');
INSERT INTO `tb_angsuran` VALUES ('178', '2', '5002', '5002', '2015-08-20', '2015-08-21', '2', '0', '2015-08-24', '0000-00-00 00:00:00', '0000-00-00 00:00:00');
INSERT INTO `tb_angsuran` VALUES ('179', '2', '5020', '5020', '2015-08-22', '2015-08-24', '3', '0', '2015-08-24', '0000-00-00 00:00:00', '0000-00-00 00:00:00');
INSERT INTO `tb_angsuran` VALUES ('180', '2', '5005', '5005', '2015-08-15', '2015-08-24', '10', '0', '2015-08-25', '0000-00-00 00:00:00', '0000-00-00 00:00:00');
INSERT INTO `tb_angsuran` VALUES ('181', '2', '5026', '5026', '2015-08-06', '2015-08-15', '10', '0', '2015-08-25', '0000-00-00 00:00:00', '0000-00-00 00:00:00');
INSERT INTO `tb_angsuran` VALUES ('182', '2', '4503', '4503', '2015-08-19', '2015-08-31', '13', '0', '2015-08-26', '0000-00-00 00:00:00', '0000-00-00 00:00:00');
INSERT INTO `tb_angsuran` VALUES ('183', '2', '4504', '4504', '2015-08-22', '2015-08-24', '3', '0', '2015-08-26', '0000-00-00 00:00:00', '0000-00-00 00:00:00');
INSERT INTO `tb_angsuran` VALUES ('184', '2', '5002', '5002', '2015-08-22', '2015-08-24', '3', '0', '2015-08-26', '0000-00-00 00:00:00', '0000-00-00 00:00:00');
INSERT INTO `tb_angsuran` VALUES ('185', '2', '5004', '5004', '2015-08-23', '2015-08-23', '1', '0', '2015-08-26', '0000-00-00 00:00:00', '0000-00-00 00:00:00');
INSERT INTO `tb_angsuran` VALUES ('186', '2', '5003', '5003', '2015-08-25', '2015-08-26', '2', '0', '2015-08-26', '0000-00-00 00:00:00', '0000-00-00 00:00:00');
INSERT INTO `tb_angsuran` VALUES ('187', '2', '5028', '5028', '2015-08-25', '2015-08-26', '2', '0', '2015-08-26', '0000-00-00 00:00:00', '0000-00-00 00:00:00');
INSERT INTO `tb_angsuran` VALUES ('188', '2', '5027', '5027', '2015-08-19', '2015-08-28', '10', '0', '2015-08-26', '0000-00-00 00:00:00', '0000-00-00 00:00:00');
INSERT INTO `tb_angsuran` VALUES ('189', '2', '5023', '5023', '2015-08-16', '2015-08-25', '10', '0', '2015-08-26', '0000-00-00 00:00:00', '0000-00-00 00:00:00');
INSERT INTO `tb_angsuran` VALUES ('190', '2', '5022', '5022', '2015-08-17', '2015-08-26', '10', '0', '2015-08-26', '0000-00-00 00:00:00', '0000-00-00 00:00:00');
INSERT INTO `tb_angsuran` VALUES ('191', '2', '5004', '5004', '2015-08-24', '2015-08-25', '2', '0', '2015-08-27', '0000-00-00 00:00:00', '0000-00-00 00:00:00');
INSERT INTO `tb_angsuran` VALUES ('192', '2', '5028', '5028', '2015-08-27', '2015-08-27', '1', '0', '2015-08-27', '0000-00-00 00:00:00', '0000-00-00 00:00:00');
INSERT INTO `tb_angsuran` VALUES ('193', '2', '5003', '5003', '2015-08-27', '2015-08-27', '1', '0', '2015-08-27', '0000-00-00 00:00:00', '0000-00-00 00:00:00');
INSERT INTO `tb_angsuran` VALUES ('194', '2', '5006', '5006', '2015-08-16', '2015-08-31', '16', '0', '2015-08-27', '0000-00-00 00:00:00', '0000-00-00 00:00:00');
INSERT INTO `tb_angsuran` VALUES ('195', '2', '5020', '5020', '2015-08-25', '2015-08-29', '5', '0', '2015-08-28', '0000-00-00 00:00:00', '0000-00-00 00:00:00');
INSERT INTO `tb_angsuran` VALUES ('196', '2', '5030', '5030', '2015-08-23', '2015-08-27', '5', '0', '2015-08-28', '0000-00-00 00:00:00', '0000-00-00 00:00:00');
INSERT INTO `tb_angsuran` VALUES ('197', '2', '5004', '5004', '2015-08-26', '2015-08-26', '1', '0', '2015-08-28', '0000-00-00 00:00:00', '0000-00-00 00:00:00');
INSERT INTO `tb_angsuran` VALUES ('198', '2', '5003', '5003', '2015-08-28', '2015-08-28', '1', '0', '2015-08-28', '0000-00-00 00:00:00', '0000-00-00 00:00:00');
INSERT INTO `tb_angsuran` VALUES ('199', '2', '5028', '5028', '2015-08-28', '2015-08-28', '1', '0', '2015-08-28', '0000-00-00 00:00:00', '0000-00-00 00:00:00');
INSERT INTO `tb_angsuran` VALUES ('200', '2', '5004', '5004', '2015-08-27', '2015-08-28', '2', '0', '2015-08-29', '0000-00-00 00:00:00', '0000-00-00 00:00:00');
INSERT INTO `tb_angsuran` VALUES ('201', '2', '5003', '5003', '2015-08-29', '2015-08-29', '1', '0', '2015-08-29', '0000-00-00 00:00:00', '0000-00-00 00:00:00');
INSERT INTO `tb_angsuran` VALUES ('202', '2', '5028', '5028', '2015-08-29', '2015-08-29', '1', '0', '2015-08-29', '0000-00-00 00:00:00', '0000-00-00 00:00:00');
INSERT INTO `tb_angsuran` VALUES ('203', '2', '5002', '5002', '2015-08-25', '2015-08-29', '5', '0', '2015-08-29', '0000-00-00 00:00:00', '0000-00-00 00:00:00');
INSERT INTO `tb_angsuran` VALUES ('204', '2', '4504', '4504', '2015-08-25', '2015-08-29', '5', '0', '2015-08-29', '0000-00-00 00:00:00', '0000-00-00 00:00:00');
INSERT INTO `tb_angsuran` VALUES ('205', '2', '5009', '5009', '2015-08-28', '2015-08-31', '4', '0', '2015-08-29', '0000-00-00 00:00:00', '0000-00-00 00:00:00');
INSERT INTO `tb_angsuran` VALUES ('206', '2', '5013', '5013', '2015-08-05', '2015-08-31', '27', '0', '2015-08-29', '0000-00-00 00:00:00', '0000-00-00 00:00:00');
INSERT INTO `tb_angsuran` VALUES ('207', '2', '5016', '5016', '2015-08-24', '2015-08-30', '7', '0', '2015-08-29', '0000-00-00 00:00:00', '0000-00-00 00:00:00');
INSERT INTO `tb_angsuran` VALUES ('208', '2', '5014', '5014', '2015-08-22', '2015-09-10', '20', '0', '2015-08-24', '0000-00-00 00:00:00', '0000-00-00 00:00:00');
INSERT INTO `tb_angsuran` VALUES ('209', '2', '5008', '5008', '2015-08-11', '2015-08-30', '20', '0', '2015-08-29', '0000-00-00 00:00:00', '0000-00-00 00:00:00');
INSERT INTO `tb_angsuran` VALUES ('210', '2', '5004', '5004', '2015-08-29', '2015-08-30', '2', '0', '2015-08-30', '0000-00-00 00:00:00', '0000-00-00 00:00:00');
INSERT INTO `tb_angsuran` VALUES ('211', '2', '5003', '5003', '2015-08-30', '2015-08-31', '2', '0', '2015-08-30', '0000-00-00 00:00:00', '0000-00-00 00:00:00');
INSERT INTO `tb_angsuran` VALUES ('212', '2', '5028', '5028', '2015-08-30', '2015-08-31', '2', '0', '2015-08-30', '0000-00-00 00:00:00', '0000-00-00 00:00:00');
INSERT INTO `tb_angsuran` VALUES ('213', '2', '5002', '5002', '2015-08-30', '2015-08-31', '2', '0', '2015-08-31', '0000-00-00 00:00:00', '0000-00-00 00:00:00');
INSERT INTO `tb_angsuran` VALUES ('214', '2', '4504', '4504', '2015-08-30', '2015-08-31', '2', '0', '2015-08-31', '0000-00-00 00:00:00', '0000-00-00 00:00:00');
INSERT INTO `tb_angsuran` VALUES ('215', '2', '4504', '4504', '2015-09-01', '2015-09-02', '2', '0', '2015-09-02', '0000-00-00 00:00:00', '0000-00-00 00:00:00');
INSERT INTO `tb_angsuran` VALUES ('216', '2', '5002', '5002', '2015-09-01', '2015-09-02', '2', '0', '2015-09-02', '0000-00-00 00:00:00', '0000-00-00 00:00:00');
INSERT INTO `tb_angsuran` VALUES ('217', '4', '5004', '5004', '2015-08-31', '2015-09-01', '2', '0', '2015-09-02', '0000-00-00 00:00:00', '0000-00-00 00:00:00');
INSERT INTO `tb_angsuran` VALUES ('218', '2', '5003', '5003', '2015-09-01', '2015-09-02', '2', '0', '2015-09-02', '0000-00-00 00:00:00', '0000-00-00 00:00:00');
INSERT INTO `tb_angsuran` VALUES ('219', '2', '5031', '5031', '2015-09-01', '2015-09-02', '2', '0', '2015-09-02', '0000-00-00 00:00:00', '0000-00-00 00:00:00');
INSERT INTO `tb_angsuran` VALUES ('220', '2', '5028', '5028', '2015-09-01', '2015-09-02', '2', '0', '2015-09-02', '0000-00-00 00:00:00', '0000-00-00 00:00:00');
INSERT INTO `tb_angsuran` VALUES ('221', '2', '5015', '5015', '2015-09-01', '2015-09-30', '30', '0', '2015-09-02', '0000-00-00 00:00:00', '0000-00-00 00:00:00');
INSERT INTO `tb_angsuran` VALUES ('222', '2', '5014', '5014', '2015-09-11', '2015-09-20', '10', '0', '2015-09-05', '0000-00-00 00:00:00', '0000-00-00 00:00:00');
INSERT INTO `tb_angsuran` VALUES ('223', '2', '5017', '5017', '2015-08-19', '2015-09-07', '20', '0', '2015-09-06', '0000-00-00 00:00:00', '0000-00-00 00:00:00');
INSERT INTO `tb_angsuran` VALUES ('224', '2', '5020', '5020', '2015-08-30', '2015-09-02', '4', '0', '2015-09-04', '0000-00-00 00:00:00', '0000-00-00 00:00:00');
INSERT INTO `tb_angsuran` VALUES ('225', '2', '4504', '4504', '2015-09-03', '2015-09-04', '2', '0', '2015-09-04', '0000-00-00 00:00:00', '0000-00-00 00:00:00');
INSERT INTO `tb_angsuran` VALUES ('226', '2', '5002', '5002', '2015-09-03', '2015-09-04', '2', '0', '2015-09-04', '0000-00-00 00:00:00', '0000-00-00 00:00:00');
INSERT INTO `tb_angsuran` VALUES ('227', '2', '5002', '5002', '2015-09-05', '2015-09-05', '1', '0', '2015-09-05', '0000-00-00 00:00:00', '0000-00-00 00:00:00');
INSERT INTO `tb_angsuran` VALUES ('228', '2', '4504', '4504', '2015-09-05', '2015-09-05', '1', '0', '2015-09-05', '0000-00-00 00:00:00', '0000-00-00 00:00:00');
INSERT INTO `tb_angsuran` VALUES ('229', '2', '5009', '5009', '2015-09-01', '2015-09-07', '7', '0', '2015-09-05', '0000-00-00 00:00:00', '0000-00-00 00:00:00');
INSERT INTO `tb_angsuran` VALUES ('230', '2', '5012', '5012', '2015-08-15', '2015-09-04', '21', '0', '2015-09-05', '0000-00-00 00:00:00', '0000-00-00 00:00:00');
INSERT INTO `tb_angsuran` VALUES ('231', '2', '5013', '5013', '2015-09-01', '2015-09-07', '7', '0', '2015-09-05', '0000-00-00 00:00:00', '0000-00-00 00:00:00');
INSERT INTO `tb_angsuran` VALUES ('232', '2', '5007', '5007', '2015-08-17', '2015-09-15', '30', '0', '2015-09-05', '0000-00-00 00:00:00', '0000-00-00 00:00:00');
INSERT INTO `tb_angsuran` VALUES ('233', '2', '4505', '4505', '2015-09-01', '2015-09-30', '30', '0', '2015-09-05', '0000-00-00 00:00:00', '0000-00-00 00:00:00');
INSERT INTO `tb_angsuran` VALUES ('234', '2', '4503', '4503', '2015-09-04', '2015-09-28', '25', '0', '2015-09-05', '0000-00-00 00:00:00', '0000-00-00 00:00:00');
INSERT INTO `tb_angsuran` VALUES ('235', '2', '4502', '4502', '2015-08-17', '2015-09-05', '20', '0', '2015-09-05', '0000-00-00 00:00:00', '0000-00-00 00:00:00');
INSERT INTO `tb_angsuran` VALUES ('236', '2', '5001', '5001', '2015-08-17', '2015-08-28', '12', '0', '2015-09-05', '0000-00-00 00:00:00', '0000-00-00 00:00:00');
INSERT INTO `tb_angsuran` VALUES ('237', '2', '5021', '5021', '2015-09-04', '2015-09-06', '3', '0', '2015-09-05', '0000-00-00 00:00:00', '0000-00-00 00:00:00');
INSERT INTO `tb_angsuran` VALUES ('238', '2', '5010', '5010', '2015-08-08', '2015-08-10', '3', '0', '2015-09-05', '0000-00-00 00:00:00', '0000-00-00 00:00:00');
INSERT INTO `tb_angsuran` VALUES ('239', '2', '5011', '5011', '2015-08-05', '2015-08-07', '3', '0', '2015-09-05', '0000-00-00 00:00:00', '0000-00-00 00:00:00');
INSERT INTO `tb_angsuran` VALUES ('240', '2', '5029', '5029', '2015-08-14', '2015-08-23', '10', '0', '2015-09-05', '0000-00-00 00:00:00', '0000-00-00 00:00:00');
INSERT INTO `tb_angsuran` VALUES ('242', '2', '5006', '5006', '2015-09-01', '2015-09-14', '14', '0', '2015-09-05', '0000-00-00 00:00:00', '0000-00-00 00:00:00');
INSERT INTO `tb_angsuran` VALUES ('243', '2', '5019', '5019', '2015-09-03', '2015-09-06', '4', '0', '2015-09-05', '0000-00-00 00:00:00', '0000-00-00 00:00:00');
INSERT INTO `tb_angsuran` VALUES ('244', '2', '5003', '5003', '2015-09-03', '2015-09-06', '4', '0', '2015-09-06', '0000-00-00 00:00:00', '0000-00-00 00:00:00');
INSERT INTO `tb_angsuran` VALUES ('245', '2', '5028', '5028', '2015-09-03', '2015-09-06', '4', '0', '2015-09-06', '0000-00-00 00:00:00', '0000-00-00 00:00:00');
INSERT INTO `tb_angsuran` VALUES ('246', '2', '5031', '5031', '2015-09-03', '2015-09-06', '4', '0', '2015-09-06', '0000-00-00 00:00:00', '0000-00-00 00:00:00');
INSERT INTO `tb_angsuran` VALUES ('247', '2', '5032', '5032', '2015-07-25', '2015-09-22', '60', '0', '2015-09-04', '0000-00-00 00:00:00', '0000-00-00 00:00:00');
INSERT INTO `tb_angsuran` VALUES ('248', '2', '5032', '5032', '2015-09-23', '2015-10-17', '25', '0', '2015-09-06', '0000-00-00 00:00:00', '0000-00-00 00:00:00');
INSERT INTO `tb_angsuran` VALUES ('249', '2', '5006', '5006', '2015-09-15', '2015-09-24', '10', '0', '2015-09-06', '0000-00-00 00:00:00', '0000-00-00 00:00:00');
INSERT INTO `tb_angsuran` VALUES ('250', '2', '4506', '4506', '2015-09-01', '2015-10-03', '33', '0', '2015-09-06', '0000-00-00 00:00:00', '0000-00-00 00:00:00');
INSERT INTO `tb_angsuran` VALUES ('251', '2', '5026', '5026', '2015-08-16', '2015-08-25', '10', '0', '2015-09-06', '0000-00-00 00:00:00', '0000-00-00 00:00:00');
INSERT INTO `tb_angsuran` VALUES ('252', '2', '5033', '5033', '2015-07-25', '2015-08-10', '17', '0', '2015-09-06', '0000-00-00 00:00:00', '0000-00-00 00:00:00');
INSERT INTO `tb_angsuran` VALUES ('253', '2', '5005', '5005', '2015-08-25', '2015-09-03', '10', '0', '2015-09-06', '0000-00-00 00:00:00', '0000-00-00 00:00:00');
INSERT INTO `tb_angsuran` VALUES ('254', '2', '4504', '4504', '2015-09-06', '2015-09-07', '2', '0', '2015-09-07', '0000-00-00 00:00:00', '0000-00-00 00:00:00');
INSERT INTO `tb_angsuran` VALUES ('255', '2', '5002', '5002', '2015-09-06', '2015-09-07', '2', '0', '2015-09-07', '0000-00-00 00:00:00', '0000-00-00 00:00:00');
INSERT INTO `tb_angsuran` VALUES ('256', '2', '5018', '5018', '2015-08-13', '2015-08-29', '17', '0', '2015-09-07', '0000-00-00 00:00:00', '0000-00-00 00:00:00');
INSERT INTO `tb_angsuran` VALUES ('257', '2', '5020', '5020', '2015-09-03', '2015-09-04', '2', '0', '2015-09-08', '0000-00-00 00:00:00', '0000-00-00 00:00:00');
INSERT INTO `tb_angsuran` VALUES ('258', '2', '5017', '5017', '2015-09-08', '2015-09-08', '1', '0', '2015-09-08', '0000-00-00 00:00:00', '0000-00-00 00:00:00');
INSERT INTO `tb_angsuran` VALUES ('259', '2', '4504', '4504', '2015-09-08', '2015-09-08', '1', '0', '2015-09-08', '0000-00-00 00:00:00', '0000-00-00 00:00:00');
INSERT INTO `tb_angsuran` VALUES ('260', '2', '5002', '5002', '2015-09-08', '2015-09-08', '1', '0', '2015-09-08', '0000-00-00 00:00:00', '0000-00-00 00:00:00');
INSERT INTO `tb_angsuran` VALUES ('261', '2', '5012', '5012', '2015-09-05', '2015-09-20', '16', '0', '2015-09-08', '0000-00-00 00:00:00', '0000-00-00 00:00:00');
INSERT INTO `tb_angsuran` VALUES ('262', '2', '5014', '5014', '2015-09-21', '2015-10-10', '20', '0', '2015-09-08', '0000-00-00 00:00:00', '0000-00-00 00:00:00');
INSERT INTO `tb_angsuran` VALUES ('263', '2', '5022', '5022', '2015-08-27', '2015-09-05', '10', '0', '2015-09-09', '0000-00-00 00:00:00', '0000-00-00 00:00:00');
INSERT INTO `tb_angsuran` VALUES ('264', '2', '5023', '5023', '2015-08-26', '2015-09-14', '20', '0', '2015-09-09', '0000-00-00 00:00:00', '0000-00-00 00:00:00');
INSERT INTO `tb_angsuran` VALUES ('265', '2', '5027', '5027', '2015-08-29', '2015-09-17', '20', '0', '2015-09-09', '0000-00-00 00:00:00', '0000-00-00 00:00:00');
INSERT INTO `tb_angsuran` VALUES ('266', '2', '5025', '5025', '2015-08-18', '2015-09-06', '20', '0', '2015-09-09', '0000-00-00 00:00:00', '0000-00-00 00:00:00');
INSERT INTO `tb_angsuran` VALUES ('267', '2', '4504', '4504', '2015-09-09', '2015-09-09', '1', '0', '2015-09-09', '0000-00-00 00:00:00', '0000-00-00 00:00:00');
INSERT INTO `tb_angsuran` VALUES ('268', '2', '5002', '5002', '2015-09-09', '2015-09-09', '1', '0', '2015-09-09', '0000-00-00 00:00:00', '0000-00-00 00:00:00');
INSERT INTO `tb_angsuran` VALUES ('269', '2', '4504', '4504', '2015-09-10', '2015-09-11', '2', '0', '2015-09-11', '0000-00-00 00:00:00', '0000-00-00 00:00:00');
INSERT INTO `tb_angsuran` VALUES ('270', '2', '5002', '5002', '2015-09-10', '2015-09-11', '2', '0', '2015-09-11', '0000-00-00 00:00:00', '0000-00-00 00:00:00');
INSERT INTO `tb_angsuran` VALUES ('271', '2', '5020', '5020', '2015-09-05', '2015-09-08', '4', '0', '2015-09-11', '0000-00-00 00:00:00', '0000-00-00 00:00:00');
INSERT INTO `tb_angsuran` VALUES ('272', '2', '5016', '5016', '2015-08-31', '2015-09-09', '10', '0', '2015-09-11', '0000-00-00 00:00:00', '0000-00-00 00:00:00');
INSERT INTO `tb_angsuran` VALUES ('273', '2', '5008', '5008', '2015-08-31', '2015-09-09', '10', '0', '2015-09-11', '0000-00-00 00:00:00', '0000-00-00 00:00:00');
INSERT INTO `tb_angsuran` VALUES ('274', '2', '5021', '5021', '2015-09-07', '2015-09-12', '6', '0', '2015-09-11', '0000-00-00 00:00:00', '0000-00-00 00:00:00');
INSERT INTO `tb_angsuran` VALUES ('275', '2', '5029', '5029', '2015-08-24', '2015-09-02', '10', '0', '2015-09-11', '0000-00-00 00:00:00', '0000-00-00 00:00:00');
INSERT INTO `tb_angsuran` VALUES ('276', '2', '4509', '4509', '2015-08-17', '2015-09-30', '45', '0', '2015-09-11', '0000-00-00 00:00:00', '0000-00-00 00:00:00');
INSERT INTO `tb_angsuran` VALUES ('277', '2', '5028', '5028', '2015-09-07', '2015-09-13', '7', '0', '2015-09-13', '0000-00-00 00:00:00', '0000-00-00 00:00:00');
INSERT INTO `tb_angsuran` VALUES ('278', '2', '5031', '5031', '2015-09-07', '2015-09-13', '7', '0', '2015-09-13', '0000-00-00 00:00:00', '0000-00-00 00:00:00');
INSERT INTO `tb_angsuran` VALUES ('279', '2', '5003', '5003', '2015-09-07', '2015-09-10', '4', '0', '2015-09-13', '0000-00-00 00:00:00', '0000-00-00 00:00:00');
INSERT INTO `tb_angsuran` VALUES ('280', '2', '4504', '4504', '2015-09-12', '2015-09-14', '3', '0', '2015-09-14', '0000-00-00 00:00:00', '0000-00-00 00:00:00');
INSERT INTO `tb_angsuran` VALUES ('281', '2', '5002', '5002', '2015-09-12', '2015-09-13', '2', '0', '2015-09-14', '0000-00-00 00:00:00', '0000-00-00 00:00:00');
INSERT INTO `tb_angsuran` VALUES ('282', '2', '5020', '5020', '2015-09-09', '2015-09-13', '5', '0', '2015-09-14', '0000-00-00 00:00:00', '0000-00-00 00:00:00');
INSERT INTO `tb_angsuran` VALUES ('283', '2', '5024', '5024', '2015-09-04', '2015-09-23', '20', '0', '2015-09-15', '0000-00-00 00:00:00', '0000-00-00 00:00:00');
INSERT INTO `tb_angsuran` VALUES ('284', '2', '4504', '4504', '2015-09-15', '2015-09-17', '3', '0', '2015-09-16', '0000-00-00 00:00:00', '0000-00-00 00:00:00');
INSERT INTO `tb_angsuran` VALUES ('285', '2', '5002', '5002', '2015-09-14', '2015-09-16', '3', '0', '2015-09-16', '0000-00-00 00:00:00', '0000-00-00 00:00:00');
INSERT INTO `tb_angsuran` VALUES ('286', '2', '4504', '4504', '2015-09-18', '2015-09-18', '1', '0', '2015-09-17', '0000-00-00 00:00:00', '0000-00-00 00:00:00');
INSERT INTO `tb_angsuran` VALUES ('287', '2', '5002', '5002', '2015-09-17', '2015-09-17', '1', '0', '2015-09-17', '0000-00-00 00:00:00', '0000-00-00 00:00:00');
INSERT INTO `tb_angsuran` VALUES ('288', '2', '4504', '4504', '2015-09-19', '2015-09-19', '1', '0', '2015-09-18', '0000-00-00 00:00:00', '0000-00-00 00:00:00');
INSERT INTO `tb_angsuran` VALUES ('289', '2', '5002', '5002', '2015-09-18', '2015-09-18', '1', '0', '2015-09-18', '0000-00-00 00:00:00', '0000-00-00 00:00:00');
INSERT INTO `tb_angsuran` VALUES ('290', '2', '5026', '5026', '2015-08-26', '2015-09-04', '10', '0', '2015-09-19', '0000-00-00 00:00:00', '0000-00-00 00:00:00');
INSERT INTO `tb_angsuran` VALUES ('291', '2', '5021', '5021', '2015-09-13', '2015-09-20', '8', '0', '2015-09-19', '0000-00-00 00:00:00', '0000-00-00 00:00:00');
INSERT INTO `tb_angsuran` VALUES ('292', '2', '5020', '5020', '2015-09-14', '2015-09-18', '5', '0', '2015-09-19', '0000-00-00 00:00:00', '0000-00-00 00:00:00');
INSERT INTO `tb_angsuran` VALUES ('293', '2', '5033', '5033', '2015-08-11', '2015-08-20', '10', '0', '2015-09-20', '0000-00-00 00:00:00', '0000-00-00 00:00:00');
INSERT INTO `tb_angsuran` VALUES ('294', '2', '5030', '5030', '2015-08-28', '2015-09-01', '5', '0', '2015-09-20', '0000-00-00 00:00:00', '0000-00-00 00:00:00');
INSERT INTO `tb_angsuran` VALUES ('295', '2', '5005', '5005', '2015-09-04', '2015-09-10', '7', '0', '2015-09-20', '0000-00-00 00:00:00', '0000-00-00 00:00:00');
INSERT INTO `tb_angsuran` VALUES ('296', '2', '4503', '4503', '2015-09-29', '2015-10-23', '25', '0', '2015-09-20', '0000-00-00 00:00:00', '0000-00-00 00:00:00');
INSERT INTO `tb_angsuran` VALUES ('297', '2', '4504', '4504', '2015-09-20', '2015-09-21', '2', '0', '2015-09-21', '0000-00-00 00:00:00', '0000-00-00 00:00:00');
INSERT INTO `tb_angsuran` VALUES ('298', '2', '5002', '5002', '2015-09-19', '2015-09-20', '2', '0', '2015-09-21', '0000-00-00 00:00:00', '0000-00-00 00:00:00');
INSERT INTO `tb_angsuran` VALUES ('299', '2', '4504', '4504', '2015-09-22', '2015-09-23', '2', '0', '2015-09-22', '0000-00-00 00:00:00', '0000-00-00 00:00:00');
INSERT INTO `tb_angsuran` VALUES ('300', '2', '5002', '5002', '2015-09-21', '2015-09-22', '2', '0', '2015-09-22', '0000-00-00 00:00:00', '0000-00-00 00:00:00');
INSERT INTO `tb_angsuran` VALUES ('301', '2', '5021', '5021', '2015-09-21', '2015-09-24', '4', '0', '2015-09-22', '0000-00-00 00:00:00', '0000-00-00 00:00:00');
INSERT INTO `tb_angsuran` VALUES ('302', '2', '5023', '5023', '2015-09-15', '2015-09-24', '10', '0', '2015-09-22', '0000-00-00 00:00:00', '0000-00-00 00:00:00');
INSERT INTO `tb_angsuran` VALUES ('303', '2', '5022', '5022', '2015-09-06', '2015-09-15', '10', '0', '2015-09-22', '0000-00-00 00:00:00', '0000-00-00 00:00:00');
INSERT INTO `tb_angsuran` VALUES ('304', '2', '5027', '5027', '2015-09-18', '2015-09-27', '10', '0', '2015-09-22', '0000-00-00 00:00:00', '0000-00-00 00:00:00');
INSERT INTO `tb_angsuran` VALUES ('305', '2', '5009', '5009', '2015-09-08', '2015-09-30', '23', '0', '2015-09-24', '0000-00-00 00:00:00', '0000-00-00 00:00:00');
INSERT INTO `tb_angsuran` VALUES ('306', '2', '5013', '5013', '2015-09-08', '2015-09-30', '23', '0', '2015-09-24', '0000-00-00 00:00:00', '0000-00-00 00:00:00');
INSERT INTO `tb_angsuran` VALUES ('307', '2', '5003', '5003', '2015-09-11', '2015-09-28', '18', '0', '2015-09-25', '0000-00-00 00:00:00', '0000-00-00 00:00:00');
INSERT INTO `tb_angsuran` VALUES ('308', '2', '4504', '4504', '2015-09-24', '2015-09-25', '2', '0', '2015-09-25', '0000-00-00 00:00:00', '0000-00-00 00:00:00');
INSERT INTO `tb_angsuran` VALUES ('309', '2', '5002', '5002', '2015-09-23', '2015-09-24', '2', '0', '2015-09-25', '0000-00-00 00:00:00', '0000-00-00 00:00:00');
INSERT INTO `tb_angsuran` VALUES ('310', '2', '5024', '5024', '2015-09-24', '2015-10-13', '20', '0', '2015-09-25', '0000-00-00 00:00:00', '0000-00-00 00:00:00');
INSERT INTO `tb_angsuran` VALUES ('311', '2', '5021', '5021', '2015-09-25', '2015-09-27', '3', '0', '2015-09-26', '0000-00-00 00:00:00', '0000-00-00 00:00:00');
INSERT INTO `tb_angsuran` VALUES ('312', '2', '5029', '5029', '2015-09-03', '2015-09-12', '10', '0', '2015-09-26', '0000-00-00 00:00:00', '0000-00-00 00:00:00');
INSERT INTO `tb_angsuran` VALUES ('313', '2', '5028', '5028', '2015-09-14', '2015-09-18', '5', '0', '2015-09-28', '0000-00-00 00:00:00', '0000-00-00 00:00:00');
INSERT INTO `tb_angsuran` VALUES ('314', '2', '4504', '4504', '2015-09-26', '2015-09-27', '2', '0', '2015-09-28', '0000-00-00 00:00:00', '0000-00-00 00:00:00');
INSERT INTO `tb_angsuran` VALUES ('315', '2', '5002', '5002', '2015-09-25', '2015-09-26', '2', '0', '2015-09-28', '0000-00-00 00:00:00', '0000-00-00 00:00:00');
INSERT INTO `tb_angsuran` VALUES ('316', '2', '5020', '5020', '2015-09-19', '2015-09-24', '6', '0', '2015-09-25', '0000-00-00 00:00:00', '0000-00-00 00:00:00');
INSERT INTO `tb_angsuran` VALUES ('317', '2', '5022', '5022', '2015-09-16', '2015-09-25', '10', '0', '2015-09-28', '0000-00-00 00:00:00', '0000-00-00 00:00:00');
INSERT INTO `tb_angsuran` VALUES ('318', '2', '5023', '5023', '2015-09-25', '2015-10-04', '10', '0', '2015-09-28', '0000-00-00 00:00:00', '0000-00-00 00:00:00');
INSERT INTO `tb_angsuran` VALUES ('319', '2', '5027', '5027', '2015-09-28', '2015-10-17', '20', '0', '2015-09-28', '0000-00-00 00:00:00', '0000-00-00 00:00:00');
INSERT INTO `tb_angsuran` VALUES ('320', '2', '5018', '5018', '2015-08-30', '2015-09-15', '17', '0', '2015-10-01', '0000-00-00 00:00:00', '0000-00-00 00:00:00');
INSERT INTO `tb_angsuran` VALUES ('321', '4', '5004', '5004', '2015-09-02', '2015-09-02', '1', '0', '2015-10-01', '0000-00-00 00:00:00', '0000-00-00 00:00:00');
INSERT INTO `tb_angsuran` VALUES ('322', '2', '4504', '4504', '2015-09-28', '2015-10-02', '5', '0', '2015-10-02', '0000-00-00 00:00:00', '0000-00-00 00:00:00');
INSERT INTO `tb_angsuran` VALUES ('323', '2', '5002', '5002', '2015-09-27', '2015-10-01', '5', '0', '2015-10-02', '0000-00-00 00:00:00', '0000-00-00 00:00:00');
INSERT INTO `tb_angsuran` VALUES ('324', '2', '5016', '5016', '2015-09-10', '2015-09-30', '21', '0', '2015-10-02', '0000-00-00 00:00:00', '0000-00-00 00:00:00');
INSERT INTO `tb_angsuran` VALUES ('325', '2', '5019', '5019', '2015-09-07', '2015-09-18', '12', '0', '2015-10-02', '0000-00-00 00:00:00', '0000-00-00 00:00:00');
INSERT INTO `tb_angsuran` VALUES ('326', '2', '5020', '5020', '2015-09-25', '2015-09-27', '3', '0', '2015-09-28', '0000-00-00 00:00:00', '0000-00-00 00:00:00');
INSERT INTO `tb_angsuran` VALUES ('327', '4', '5004', '5004', '2015-09-03', '2015-09-03', '1', '0', '2015-10-02', '0000-00-00 00:00:00', '0000-00-00 00:00:00');
INSERT INTO `tb_angsuran` VALUES ('328', '2', '5028', '5028', '2015-09-19', '2015-09-23', '5', '0', '2015-10-03', '0000-00-00 00:00:00', '0000-00-00 00:00:00');
INSERT INTO `tb_angsuran` VALUES ('329', '2', '4505', '4505', '2015-10-01', '2015-11-01', '32', '0', '2015-10-03', '0000-00-00 00:00:00', '0000-00-00 00:00:00');
INSERT INTO `tb_angsuran` VALUES ('330', '2', '5006', '5006', '2015-09-25', '2015-10-04', '10', '0', '2015-10-03', '0000-00-00 00:00:00', '0000-00-00 00:00:00');
INSERT INTO `tb_angsuran` VALUES ('331', '2', '5014', '5014', '2015-10-11', '2015-10-30', '20', '0', '2015-10-03', '0000-00-00 00:00:00', '0000-00-00 00:00:00');
INSERT INTO `tb_angsuran` VALUES ('332', '2', '5009', '5009', '2015-10-01', '2015-10-05', '5', '0', '2015-10-03', '0000-00-00 00:00:00', '0000-00-00 00:00:00');
INSERT INTO `tb_angsuran` VALUES ('333', '2', '5013', '5013', '2015-10-01', '2015-10-05', '5', '0', '2015-10-03', '0000-00-00 00:00:00', '0000-00-00 00:00:00');
INSERT INTO `tb_angsuran` VALUES ('334', '2', '5029', '5029', '2015-09-13', '2015-09-22', '10', '0', '2015-10-03', '0000-00-00 00:00:00', '0000-00-00 00:00:00');
INSERT INTO `tb_angsuran` VALUES ('335', '2', '5022', '5022', '2015-09-26', '2015-09-30', '5', '0', '2015-10-03', '0000-00-00 00:00:00', '0000-00-00 00:00:00');
INSERT INTO `tb_angsuran` VALUES ('336', '2', '5021', '5021', '2015-09-28', '2015-10-01', '4', '0', '2015-10-03', '0000-00-00 00:00:00', '0000-00-00 00:00:00');
INSERT INTO `tb_angsuran` VALUES ('337', '4', '5004', '5004', '2015-09-04', '2015-09-05', '2', '0', '2015-10-03', '0000-00-00 00:00:00', '0000-00-00 00:00:00');
INSERT INTO `tb_angsuran` VALUES ('338', '2', '5026', '5026', '2015-09-05', '2015-09-14', '10', '0', '2015-10-04', '0000-00-00 00:00:00', '0000-00-00 00:00:00');
INSERT INTO `tb_angsuran` VALUES ('339', '2', '5033', '5033', '2015-08-21', '2015-09-09', '20', '0', '2015-10-04', '0000-00-00 00:00:00', '0000-00-00 00:00:00');
INSERT INTO `tb_angsuran` VALUES ('340', '2', '5032', '5032', '2015-10-18', '2015-11-16', '30', '0', '2015-10-04', '0000-00-00 00:00:00', '0000-00-00 00:00:00');
INSERT INTO `tb_angsuran` VALUES ('341', '2', '5006', '5006', '2015-10-05', '2015-10-14', '10', '0', '2015-10-04', '0000-00-00 00:00:00', '0000-00-00 00:00:00');
INSERT INTO `tb_angsuran` VALUES ('342', '4', '5004', '5004', '2015-09-06', '2015-09-07', '2', '0', '2015-10-04', '0000-00-00 00:00:00', '0000-00-00 00:00:00');
INSERT INTO `tb_angsuran` VALUES ('343', '2', '4504', '4504', '2015-10-03', '2015-10-04', '2', '0', '2015-10-05', '0000-00-00 00:00:00', '0000-00-00 00:00:00');
INSERT INTO `tb_angsuran` VALUES ('344', '2', '5002', '5002', '2015-10-02', '2015-10-03', '2', '0', '2015-10-05', '0000-00-00 00:00:00', '0000-00-00 00:00:00');
INSERT INTO `tb_angsuran` VALUES ('345', '2', '5020', '5020', '2015-09-28', '2015-10-02', '5', '0', '2015-10-03', '0000-00-00 00:00:00', '0000-00-00 00:00:00');
INSERT INTO `tb_angsuran` VALUES ('346', '4', '5004', '5004', '2015-09-08', '2015-09-09', '2', '0', '2015-10-05', '0000-00-00 00:00:00', '0000-00-00 00:00:00');
INSERT INTO `tb_angsuran` VALUES ('347', '2', '4504', '4504', '2015-10-05', '2015-10-06', '2', '0', '2015-10-08', '0000-00-00 00:00:00', '0000-00-00 00:00:00');
INSERT INTO `tb_angsuran` VALUES ('348', '2', '5002', '5002', '2015-10-04', '2015-10-05', '2', '0', '2015-10-08', '0000-00-00 00:00:00', '0000-00-00 00:00:00');
INSERT INTO `tb_angsuran` VALUES ('349', '2', '5009', '5009', '2015-10-06', '2015-10-15', '10', '0', '2015-10-10', '0000-00-00 00:00:00', '0000-00-00 00:00:00');
INSERT INTO `tb_angsuran` VALUES ('350', '2', '5013', '5013', '2015-10-06', '2015-10-15', '10', '0', '2015-10-10', '0000-00-00 00:00:00', '0000-00-00 00:00:00');
INSERT INTO `tb_angsuran` VALUES ('351', '2', '5027', '5027', '2015-10-18', '2015-10-27', '10', '0', '2015-10-10', '0000-00-00 00:00:00', '0000-00-00 00:00:00');
INSERT INTO `tb_angsuran` VALUES ('352', '2', '5022', '5022', '2015-10-01', '2015-10-10', '10', '0', '2015-10-10', '0000-00-00 00:00:00', '0000-00-00 00:00:00');
INSERT INTO `tb_angsuran` VALUES ('353', '2', '5030', '5030', '2015-09-02', '2015-09-11', '10', '0', '2015-10-10', '0000-00-00 00:00:00', '0000-00-00 00:00:00');
INSERT INTO `tb_angsuran` VALUES ('354', '2', '5020', '5020', '2015-10-03', '2015-10-07', '5', '0', '2015-10-07', '0000-00-00 00:00:00', '0000-00-00 00:00:00');
INSERT INTO `tb_angsuran` VALUES ('355', '2', '4504', '4504', '2015-10-07', '2015-10-11', '5', '0', '2015-10-12', '0000-00-00 00:00:00', '0000-00-00 00:00:00');
INSERT INTO `tb_angsuran` VALUES ('356', '2', '5002', '5002', '2015-10-06', '2015-10-09', '4', '0', '2015-10-12', '0000-00-00 00:00:00', '0000-00-00 00:00:00');
INSERT INTO `tb_angsuran` VALUES ('357', '2', '5012', '5012', '2015-09-21', '2015-10-09', '19', '0', '2015-10-12', '0000-00-00 00:00:00', '0000-00-00 00:00:00');
INSERT INTO `tb_angsuran` VALUES ('358', '2', '5014', '5014', '2015-10-31', '2015-11-13', '14', '0', '2015-10-12', '0000-00-00 00:00:00', '0000-00-00 00:00:00');
INSERT INTO `tb_angsuran` VALUES ('359', '2', '5026', '5026', '2015-09-15', '2015-09-24', '10', '0', '2015-10-12', '0000-00-00 00:00:00', '0000-00-00 00:00:00');
INSERT INTO `tb_angsuran` VALUES ('360', '4', '5004', '5004', '2015-09-10', '2015-09-11', '2', '0', '2015-10-08', '0000-00-00 00:00:00', '0000-00-00 00:00:00');
INSERT INTO `tb_angsuran` VALUES ('361', '4', '5004', '5004', '2015-09-12', '2015-09-13', '2', '0', '2015-10-14', '0000-00-00 00:00:00', '0000-00-00 00:00:00');
INSERT INTO `tb_angsuran` VALUES ('362', '2', '5028', '5028', '2015-09-24', '2015-09-30', '7', '0', '2015-10-14', '0000-00-00 00:00:00', '0000-00-00 00:00:00');
INSERT INTO `tb_angsuran` VALUES ('363', '2', '5028', '5028', '2015-10-01', '2015-10-04', '4', '0', '2015-10-15', '0000-00-00 00:00:00', '0000-00-00 00:00:00');
INSERT INTO `tb_angsuran` VALUES ('364', '2', '4504', '4504', '2015-10-12', '2015-10-16', '5', '0', '2015-10-16', '0000-00-00 00:00:00', '0000-00-00 00:00:00');
INSERT INTO `tb_angsuran` VALUES ('365', '2', '5002', '5002', '2015-10-10', '2015-10-13', '4', '0', '2015-10-16', '0000-00-00 00:00:00', '0000-00-00 00:00:00');
INSERT INTO `tb_angsuran` VALUES ('366', '4', '5004', '5004', '2015-09-14', '2015-09-15', '2', '0', '2015-10-15', '0000-00-00 00:00:00', '0000-00-00 00:00:00');
INSERT INTO `tb_angsuran` VALUES ('367', '4', '5004', '5004', '2015-09-16', '2015-09-16', '1', '0', '2015-10-17', '0000-00-00 00:00:00', '0000-00-00 00:00:00');
INSERT INTO `tb_angsuran` VALUES ('368', '2', '5033', '5033', '2015-09-10', '2015-09-19', '10', '0', '2015-10-17', '0000-00-00 00:00:00', '0000-00-00 00:00:00');
INSERT INTO `tb_angsuran` VALUES ('369', '4', '5004', '5004', '2015-09-17', '2015-09-17', '1', '0', '2015-10-18', '0000-00-00 00:00:00', '0000-00-00 00:00:00');
INSERT INTO `tb_angsuran` VALUES ('370', '2', '5025', '5025', '2015-09-07', '2015-09-26', '20', '0', '2015-10-18', '0000-00-00 00:00:00', '0000-00-00 00:00:00');
INSERT INTO `tb_angsuran` VALUES ('371', '2', '5013', '5013', '2015-10-16', '2015-10-25', '10', '0', '2015-10-18', '0000-00-00 00:00:00', '0000-00-00 00:00:00');
INSERT INTO `tb_angsuran` VALUES ('372', '2', '5009', '5009', '2015-10-16', '2015-10-25', '10', '0', '2015-10-18', '0000-00-00 00:00:00', '0000-00-00 00:00:00');
INSERT INTO `tb_angsuran` VALUES ('373', '2', '5020', '5020', '2015-10-08', '2015-10-10', '3', '0', '2015-10-11', '0000-00-00 00:00:00', '0000-00-00 00:00:00');
INSERT INTO `tb_angsuran` VALUES ('374', '2', '5002', '5002', '2015-10-14', '2015-10-17', '4', '0', '2015-10-20', '0000-00-00 00:00:00', '0000-00-00 00:00:00');
INSERT INTO `tb_angsuran` VALUES ('375', '2', '5020', '5020', '2015-10-11', '2015-10-14', '4', '0', '2015-10-18', '0000-00-00 00:00:00', '0000-00-00 00:00:00');
INSERT INTO `tb_angsuran` VALUES ('376', '4', '5004', '5004', '2015-09-18', '2015-09-19', '2', '0', '2015-10-20', '0000-00-00 00:00:00', '0000-00-00 00:00:00');
INSERT INTO `tb_angsuran` VALUES ('377', '2', '4503', '4503', '2015-10-24', '2015-11-17', '25', '0', '2015-10-21', '0000-00-00 00:00:00', '0000-00-00 00:00:00');
INSERT INTO `tb_angsuran` VALUES ('378', '2', '5015', '5015', '2015-10-01', '2015-10-15', '15', '0', '2015-10-07', '0000-00-00 00:00:00', '0000-00-00 00:00:00');
INSERT INTO `tb_angsuran` VALUES ('379', '2', '5015', '5015', '2015-10-16', '2015-10-31', '16', '0', '2015-10-21', '0000-00-00 00:00:00', '0000-00-00 00:00:00');
INSERT INTO `tb_angsuran` VALUES ('380', '2', '5020', '5020', '2015-10-15', '2015-10-18', '4', '0', '2015-10-20', '0000-00-00 00:00:00', '0000-00-00 00:00:00');
INSERT INTO `tb_angsuran` VALUES ('381', '2', '5019', '5019', '2015-09-19', '2015-09-28', '10', '0', '2015-10-22', '0000-00-00 00:00:00', '0000-00-00 00:00:00');
INSERT INTO `tb_angsuran` VALUES ('382', '2', '5023', '5023', '2015-10-05', '2015-10-14', '10', '0', '2015-10-22', '0000-00-00 00:00:00', '0000-00-00 00:00:00');
INSERT INTO `tb_angsuran` VALUES ('383', '2', '5022', '5022', '2015-10-11', '2015-10-20', '10', '0', '2015-10-22', '0000-00-00 00:00:00', '0000-00-00 00:00:00');
INSERT INTO `tb_angsuran` VALUES ('384', '4', '5004', '5004', '2015-09-20', '2015-09-20', '1', '0', '2015-10-21', '0000-00-00 00:00:00', '0000-00-00 00:00:00');
INSERT INTO `tb_angsuran` VALUES ('385', '2', '5003', '5003', '2015-09-29', '2015-10-04', '6', '0', '2015-10-24', '0000-00-00 00:00:00', '0000-00-00 00:00:00');
INSERT INTO `tb_angsuran` VALUES ('386', '2', '5028', '5028', '2015-10-05', '2015-10-14', '10', '0', '2015-10-24', '0000-00-00 00:00:00', '0000-00-00 00:00:00');
INSERT INTO `tb_angsuran` VALUES ('387', '2', '5026', '5026', '2015-09-25', '2015-10-14', '20', '0', '2015-10-24', '0000-00-00 00:00:00', '0000-00-00 00:00:00');
INSERT INTO `tb_angsuran` VALUES ('388', '2', '5012', '5012', '2015-10-10', '2015-10-26', '17', '0', '2015-10-24', '0000-00-00 00:00:00', '0000-00-00 00:00:00');
INSERT INTO `tb_angsuran` VALUES ('389', '4', '5004', '5004', '2015-09-21', '2015-09-24', '4', '0', '2015-10-24', '0000-00-00 00:00:00', '0000-00-00 00:00:00');
INSERT INTO `tb_angsuran` VALUES ('390', '2', '5003', '5003', '2015-10-05', '2015-10-07', '3', '0', '2015-10-25', '0000-00-00 00:00:00', '0000-00-00 00:00:00');
INSERT INTO `tb_angsuran` VALUES ('391', '4', '5004', '5004', '2015-09-25', '2015-09-25', '1', '0', '2015-10-25', '0000-00-00 00:00:00', '0000-00-00 00:00:00');
INSERT INTO `tb_angsuran` VALUES ('392', '2', '5018', '5018', '2015-09-16', '2015-10-19', '34', '0', '2015-10-26', '0000-00-00 00:00:00', '0000-00-00 00:00:00');
INSERT INTO `tb_angsuran` VALUES ('421', '5', '5014', '5014', '2015-11-14', '2015-11-23', '10', '0', '2015-10-31', '0000-00-00 00:00:00', '0000-00-00 00:00:00');
INSERT INTO `tb_angsuran` VALUES ('394', '2', '4504', '4504', '2015-10-17', '2015-10-21', '5', '0', '2015-10-27', '0000-00-00 00:00:00', '0000-00-00 00:00:00');
INSERT INTO `tb_angsuran` VALUES ('395', '2', '5002', '5002', '2015-10-18', '2015-10-25', '8', '0', '2015-10-27', '0000-00-00 00:00:00', '0000-00-00 00:00:00');
INSERT INTO `tb_angsuran` VALUES ('396', '2', '5002', '5002', '2015-10-26', '2015-10-30', '5', '0', '2015-10-31', '0000-00-00 00:00:00', '0000-00-00 00:00:00');
INSERT INTO `tb_angsuran` VALUES ('397', '2', '5002', '5002', '2015-10-31', '2015-11-02', '3', '0', '2015-11-06', '0000-00-00 00:00:00', '0000-00-00 00:00:00');
INSERT INTO `tb_angsuran` VALUES ('398', '2', '4504', '4504', '2015-10-22', '2015-11-05', '15', '0', '2015-11-06', '0000-00-00 00:00:00', '0000-00-00 00:00:00');
INSERT INTO `tb_angsuran` VALUES ('399', '2', '5020', '5020', '2015-10-19', '2015-10-22', '4', '0', '2015-10-22', '0000-00-00 00:00:00', '0000-00-00 00:00:00');
INSERT INTO `tb_angsuran` VALUES ('400', '4', '5004', '5004', '2015-09-26', '2015-09-27', '2', '0', '2015-10-26', '0000-00-00 00:00:00', '0000-00-00 00:00:00');
INSERT INTO `tb_angsuran` VALUES ('401', '2', '5028', '5028', '2015-10-15', '2015-10-18', '4', '0', '2015-10-29', '0000-00-00 00:00:00', '0000-00-00 00:00:00');
INSERT INTO `tb_angsuran` VALUES ('402', '4', '5004', '5004', '2015-09-28', '2015-09-29', '2', '0', '2015-10-29', '0000-00-00 00:00:00', '0000-00-00 00:00:00');
INSERT INTO `tb_angsuran` VALUES ('403', '2', '5026', '5026', '2015-10-15', '2015-10-24', '10', '0', '2015-10-31', '0000-00-00 00:00:00', '0000-00-00 00:00:00');
INSERT INTO `tb_angsuran` VALUES ('404', '2', '4506', '4506', '2015-10-04', '2015-10-31', '28', '0', '2015-11-01', '0000-00-00 00:00:00', '0000-00-00 00:00:00');
INSERT INTO `tb_angsuran` VALUES ('405', '2', '5023', '5023', '2015-10-15', '2015-10-24', '10', '0', '2015-11-01', '0000-00-00 00:00:00', '0000-00-00 00:00:00');
INSERT INTO `tb_angsuran` VALUES ('406', '2', '5022', '5022', '2015-10-21', '2015-10-30', '10', '0', '2015-11-01', '0000-00-00 00:00:00', '0000-00-00 00:00:00');
INSERT INTO `tb_angsuran` VALUES ('407', '4', '5004', '5004', '2015-09-30', '2015-10-01', '2', '0', '2015-10-30', '0000-00-00 00:00:00', '0000-00-00 00:00:00');
INSERT INTO `tb_angsuran` VALUES ('408', '2', '5020', '5020', '2015-10-23', '2015-10-28', '6', '0', '2015-10-27', '0000-00-00 00:00:00', '0000-00-00 00:00:00');
INSERT INTO `tb_angsuran` VALUES ('409', '4', '5004', '5004', '2015-10-02', '2015-10-03', '2', '0', '2015-11-02', '0000-00-00 00:00:00', '0000-00-00 00:00:00');
INSERT INTO `tb_angsuran` VALUES ('410', '2', '5003', '5003', '2015-10-08', '2015-10-27', '20', '0', '2015-11-06', '0000-00-00 00:00:00', '0000-00-00 00:00:00');
INSERT INTO `tb_angsuran` VALUES ('411', '2', '5028', '5028', '2015-10-19', '2015-10-28', '10', '0', '2015-11-06', '0000-00-00 00:00:00', '0000-00-00 00:00:00');
INSERT INTO `tb_angsuran` VALUES ('412', '2', '5007', '5007', '2015-09-16', '2015-10-25', '40', '0', '2015-11-07', '0000-00-00 00:00:00', '0000-00-00 00:00:00');
INSERT INTO `tb_angsuran` VALUES ('413', '2', '4503', '4503', '2015-11-18', '2015-12-12', '25', '0', '2015-11-07', '0000-00-00 00:00:00', '0000-00-00 00:00:00');
INSERT INTO `tb_angsuran` VALUES ('414', '2', '5023', '5023', '2015-10-25', '2015-11-03', '10', '0', '2015-11-07', '0000-00-00 00:00:00', '0000-00-00 00:00:00');
INSERT INTO `tb_angsuran` VALUES ('415', '2', '5022', '5022', '2015-10-31', '2015-11-09', '10', '0', '2015-11-07', '0000-00-00 00:00:00', '0000-00-00 00:00:00');
INSERT INTO `tb_angsuran` VALUES ('416', '2', '5013', '5013', '2015-10-26', '2015-11-14', '20', '0', '2015-11-07', '0000-00-00 00:00:00', '0000-00-00 00:00:00');
INSERT INTO `tb_angsuran` VALUES ('417', '2', '5009', '5009', '2015-10-26', '2015-11-14', '20', '0', '2015-11-07', '0000-00-00 00:00:00', '0000-00-00 00:00:00');
INSERT INTO `tb_angsuran` VALUES ('418', '2', '5032', '5032', '2015-11-17', '2015-12-16', '30', '0', '2015-11-08', '0000-00-00 00:00:00', '0000-00-00 00:00:00');
INSERT INTO `tb_angsuran` VALUES ('419', '4', '5004', '5004', '2015-10-04', '2015-10-05', '2', '0', '2015-11-06', '0000-00-00 00:00:00', '0000-00-00 00:00:00');
INSERT INTO `tb_angsuran` VALUES ('420', '2', '5006', '5006', '2015-10-15', '2015-11-30', '47', '0', '2015-11-08', '0000-00-00 00:00:00', '0000-00-00 00:00:00');
INSERT INTO `tb_angsuran` VALUES ('422', '5', '5033', '5033', '2015-09-20', '2015-09-29', '10', '0', '2015-10-31', '0000-00-00 00:00:00', '0000-00-00 00:00:00');
INSERT INTO `tb_angsuran` VALUES ('423', '4', '5015', '5015', '2015-11-01', '2015-11-20', '20', '0', '2015-11-09', '0000-00-00 00:00:00', '0000-00-00 00:00:00');
INSERT INTO `tb_angsuran` VALUES ('424', '4', '5004', '5004', '2015-10-06', '2015-10-07', '2', '0', '2015-11-08', '0000-00-00 00:00:00', '0000-00-00 00:00:00');
INSERT INTO `tb_angsuran` VALUES ('425', '4', '5004', '5004', '2015-10-08', '2015-10-09', '2', '0', '2015-11-09', '0000-00-00 00:00:00', '0000-00-00 00:00:00');
INSERT INTO `tb_angsuran` VALUES ('426', '4', '5034', '5034', '2015-07-25', '2015-08-04', '11', '0', '2015-11-10', '0000-00-00 00:00:00', '0000-00-00 00:00:00');
INSERT INTO `tb_angsuran` VALUES ('427', '4', '5027', '5027', '2015-10-28', '2015-11-06', '10', '0', '2015-11-10', '0000-00-00 00:00:00', '0000-00-00 00:00:00');
INSERT INTO `tb_angsuran` VALUES ('428', '4', '5022', '5022', '2015-11-10', '2015-11-14', '5', '0', '2015-11-10', '0000-00-00 00:00:00', '0000-00-00 00:00:00');
INSERT INTO `tb_angsuran` VALUES ('429', '4', '5023', '5023', '2015-11-04', '2015-11-13', '10', '0', '2015-11-10', '0000-00-00 00:00:00', '0000-00-00 00:00:00');
INSERT INTO `tb_angsuran` VALUES ('430', '4', '4509', '4509', '2015-10-01', '2015-10-25', '25', '0', '2015-11-11', '0000-00-00 00:00:00', '0000-00-00 00:00:00');
INSERT INTO `tb_angsuran` VALUES ('431', '4', '4504', '4504', '2015-11-06', '2015-11-11', '6', '0', '2015-11-11', '0000-00-00 00:00:00', '0000-00-00 00:00:00');
INSERT INTO `tb_angsuran` VALUES ('432', '4', '5002', '5002', '2015-11-03', '2015-11-11', '9', '0', '2015-11-11', '0000-00-00 00:00:00', '0000-00-00 00:00:00');
INSERT INTO `tb_angsuran` VALUES ('433', '4', '5002', '5002', '2015-11-12', '2015-11-15', '4', '0', '2015-11-13', '0000-00-00 00:00:00', '0000-00-00 00:00:00');
INSERT INTO `tb_angsuran` VALUES ('434', '4', '4504', '4504', '2015-11-12', '2015-11-12', '1', '0', '2015-11-13', '0000-00-00 00:00:00', '0000-00-00 00:00:00');
INSERT INTO `tb_angsuran` VALUES ('435', '4', '5003', '5003', '2015-10-28', '2015-11-06', '10', '0', '2015-11-17', '0000-00-00 00:00:00', '0000-00-00 00:00:00');
INSERT INTO `tb_angsuran` VALUES ('436', '4', '5028', '5028', '2015-10-29', '2015-10-31', '3', '0', '2015-11-17', '0000-00-00 00:00:00', '0000-00-00 00:00:00');
INSERT INTO `tb_angsuran` VALUES ('437', '4', '5004', '5004', '2015-10-10', '2015-10-12', '3', '0', '2015-11-17', '0000-00-00 00:00:00', '0000-00-00 00:00:00');
INSERT INTO `tb_angsuran` VALUES ('438', '4', '5012', '5012', '2015-10-27', '2015-11-15', '20', '0', '2015-11-19', '0000-00-00 00:00:00', '0000-00-00 00:00:00');
INSERT INTO `tb_angsuran` VALUES ('439', '4', '5014', '5014', '2015-11-24', '2015-12-03', '10', '0', '2015-11-19', '0000-00-00 00:00:00', '0000-00-00 00:00:00');
INSERT INTO `tb_angsuran` VALUES ('440', '4', '5004', '5004', '2015-10-13', '2015-10-15', '3', '0', '2015-11-19', '0000-00-00 00:00:00', '0000-00-00 00:00:00');
INSERT INTO `tb_angsuran` VALUES ('441', '4', '5004', '5004', '2015-10-16', '2015-10-17', '2', '0', '2015-11-20', '0000-00-00 00:00:00', '0000-00-00 00:00:00');
INSERT INTO `tb_angsuran` VALUES ('442', '4', '5034', '5034', '2015-08-05', '2015-08-14', '10', '0', '2015-11-20', '0000-00-00 00:00:00', '0000-00-00 00:00:00');
INSERT INTO `tb_angsuran` VALUES ('443', '4', '5022', '5022', '2015-11-15', '2015-11-19', '5', '0', '2015-11-20', '0000-00-00 00:00:00', '0000-00-00 00:00:00');
INSERT INTO `tb_angsuran` VALUES ('444', '4', '5027', '5027', '2015-11-07', '2015-11-26', '20', '0', '2015-11-20', '0000-00-00 00:00:00', '0000-00-00 00:00:00');
INSERT INTO `tb_angsuran` VALUES ('445', '4', '5023', '5023', '2015-11-14', '2015-11-23', '10', '0', '2015-11-20', '0000-00-00 00:00:00', '0000-00-00 00:00:00');
INSERT INTO `tb_angsuran` VALUES ('446', '4', '5035', '5035', '2015-07-25', '2015-08-31', '38', '0', '2015-11-20', '0000-00-00 00:00:00', '0000-00-00 00:00:00');
INSERT INTO `tb_angsuran` VALUES ('447', '4', '5026', '5026', '2015-10-25', '2015-11-08', '15', '0', '2015-11-21', '0000-00-00 00:00:00', '0000-00-00 00:00:00');
INSERT INTO `tb_angsuran` VALUES ('448', '2', '5009', '5009', '2015-11-15', '2015-12-04', '20', '0', '2015-11-30', '0000-00-00 00:00:00', '0000-00-00 00:00:00');
INSERT INTO `tb_angsuran` VALUES ('449', '2', '5009', '5009', '2015-12-05', '2015-12-09', '5', '0', '2015-12-05', '0000-00-00 00:00:00', '0000-00-00 00:00:00');
INSERT INTO `tb_angsuran` VALUES ('450', '2', '4505', '4505', '2015-11-02', '2015-12-04', '33', '0', '2015-11-28', '0000-00-00 00:00:00', '0000-00-00 00:00:00');
INSERT INTO `tb_angsuran` VALUES ('451', '2', '4505', '4505', '2015-12-05', '2015-12-31', '27', '0', '2015-12-05', '0000-00-00 00:00:00', '0000-00-00 00:00:00');
INSERT INTO `tb_angsuran` VALUES ('453', '2', '5007', '5007', '2015-10-26', '2015-11-14', '20', '0', '2015-12-05', '0000-00-00 00:00:00', '0000-00-00 00:00:00');
INSERT INTO `tb_angsuran` VALUES ('454', '2', '5014', '5014', '2015-12-04', '2015-12-13', '10', '0', '2015-12-05', '0000-00-00 00:00:00', '0000-00-00 00:00:00');
INSERT INTO `tb_angsuran` VALUES ('455', '2', '5030', '5030', '2015-09-12', '2015-12-31', '111', '0', '2015-12-05', '0000-00-00 00:00:00', '0000-00-00 00:00:00');
INSERT INTO `tb_angsuran` VALUES ('456', '2', '5005', '5005', '2015-09-11', '2015-12-31', '112', '0', '2015-12-05', '0000-00-00 00:00:00', '0000-00-00 00:00:00');
INSERT INTO `tb_angsuran` VALUES ('457', '2', '5015', '5015', '2015-11-21', '2015-12-05', '15', '0', '2015-11-28', '0000-00-00 00:00:00', '0000-00-00 00:00:00');
INSERT INTO `tb_angsuran` VALUES ('458', '2', '5002', '5002', '2015-11-16', '2015-11-22', '7', '0', '2015-11-22', '0000-00-00 00:00:00', '0000-00-00 00:00:00');
INSERT INTO `tb_angsuran` VALUES ('459', '2', '4504', '4504', '2015-11-13', '2015-11-19', '7', '0', '2015-11-22', '0000-00-00 00:00:00', '0000-00-00 00:00:00');
INSERT INTO `tb_angsuran` VALUES ('460', '2', '5033', '5033', '2015-09-30', '2015-10-09', '10', '0', '2015-11-22', '0000-00-00 00:00:00', '0000-00-00 00:00:00');
INSERT INTO `tb_angsuran` VALUES ('461', '2', '5004', '5004', '2015-10-18', '2015-10-19', '2', '0', '2015-11-24', '0000-00-00 00:00:00', '0000-00-00 00:00:00');
INSERT INTO `tb_angsuran` VALUES ('462', '2', '5034', '5034', '2015-08-15', '2015-08-22', '8', '0', '2015-11-24', '0000-00-00 00:00:00', '0000-00-00 00:00:00');
INSERT INTO `tb_angsuran` VALUES ('463', '2', '5027', '5027', '2015-11-27', '2015-12-06', '10', '0', '2015-11-24', '0000-00-00 00:00:00', '0000-00-00 00:00:00');
INSERT INTO `tb_angsuran` VALUES ('464', '2', '5019', '5019', '2015-09-29', '2015-10-18', '20', '0', '2015-11-24', '0000-00-00 00:00:00', '0000-00-00 00:00:00');
INSERT INTO `tb_angsuran` VALUES ('465', '2', '5019', '5019', '2015-10-19', '2015-10-30', '12', '0', '2015-11-27', '0000-00-00 00:00:00', '0000-00-00 00:00:00');
INSERT INTO `tb_angsuran` VALUES ('466', '2', '5004', '5004', '2015-10-20', '2015-10-22', '3', '0', '2015-11-28', '0000-00-00 00:00:00', '0000-00-00 00:00:00');
INSERT INTO `tb_angsuran` VALUES ('467', '2', '5020', '5020', '2015-10-29', '2015-11-03', '6', '0', '2015-11-02', '0000-00-00 00:00:00', '0000-00-00 00:00:00');
INSERT INTO `tb_angsuran` VALUES ('468', '2', '5002', '5002', '2015-11-23', '2015-11-27', '5', '0', '2015-11-28', '0000-00-00 00:00:00', '0000-00-00 00:00:00');
INSERT INTO `tb_angsuran` VALUES ('469', '2', '4504', '4504', '2015-11-20', '2015-12-01', '12', '0', '2015-11-28', '0000-00-00 00:00:00', '0000-00-00 00:00:00');
INSERT INTO `tb_angsuran` VALUES ('470', '2', '5004', '5004', '2015-10-23', '2015-10-24', '2', '0', '2015-11-29', '0000-00-00 00:00:00', '0000-00-00 00:00:00');
INSERT INTO `tb_angsuran` VALUES ('471', '2', '5028', '5028', '2015-11-01', '2015-11-04', '4', '0', '2015-11-29', '0000-00-00 00:00:00', '0000-00-00 00:00:00');
INSERT INTO `tb_angsuran` VALUES ('472', '2', '5002', '5002', '2015-11-28', '2015-12-01', '4', '0', '2015-11-30', '0000-00-00 00:00:00', '0000-00-00 00:00:00');
INSERT INTO `tb_angsuran` VALUES ('473', '2', '5034', '5034', '2015-08-23', '2015-08-25', '3', '0', '2015-11-30', '0000-00-00 00:00:00', '0000-00-00 00:00:00');
INSERT INTO `tb_angsuran` VALUES ('474', '2', '5023', '5023', '2015-11-24', '2015-12-01', '8', '0', '2015-11-30', '0000-00-00 00:00:00', '0000-00-00 00:00:00');
INSERT INTO `tb_angsuran` VALUES ('475', '2', '5022', '5022', '2015-11-20', '2015-11-29', '10', '0', '2015-11-30', '0000-00-00 00:00:00', '0000-00-00 00:00:00');
INSERT INTO `tb_angsuran` VALUES ('476', '2', '5013', '5013', '2015-11-15', '2015-12-04', '20', '0', '2015-11-30', '0000-00-00 00:00:00', '0000-00-00 00:00:00');
INSERT INTO `tb_angsuran` VALUES ('477', '2', '4504', '4504', '2015-12-02', '2015-12-02', '1', '0', '2015-12-01', '0000-00-00 00:00:00', '0000-00-00 00:00:00');
INSERT INTO `tb_angsuran` VALUES ('478', '2', '4504', '4504', '2015-12-03', '2015-12-03', '1', '0', '2015-12-02', '0000-00-00 00:00:00', '0000-00-00 00:00:00');
INSERT INTO `tb_angsuran` VALUES ('479', '2', '5002', '5002', '2015-12-02', '2015-12-02', '1', '0', '2015-12-01', '0000-00-00 00:00:00', '0000-00-00 00:00:00');
INSERT INTO `tb_angsuran` VALUES ('480', '2', '5002', '5002', '2015-12-03', '2015-12-03', '1', '0', '2015-12-02', '0000-00-00 00:00:00', '0000-00-00 00:00:00');
INSERT INTO `tb_angsuran` VALUES ('481', '2', '5033', '5033', '2015-10-10', '2015-10-19', '10', '0', '2015-12-03', '0000-00-00 00:00:00', '0000-00-00 00:00:00');
INSERT INTO `tb_angsuran` VALUES ('482', '2', '5022', '5022', '2015-11-30', '2015-12-04', '5', '0', '2015-12-03', '0000-00-00 00:00:00', '0000-00-00 00:00:00');
INSERT INTO `tb_angsuran` VALUES ('483', '2', '5034', '5034', '2015-08-26', '2015-08-28', '3', '0', '2015-12-03', '0000-00-00 00:00:00', '0000-00-00 00:00:00');
INSERT INTO `tb_angsuran` VALUES ('484', '2', '5023', '5023', '2015-12-02', '2015-12-09', '8', '0', '2015-12-03', '0000-00-00 00:00:00', '0000-00-00 00:00:00');
INSERT INTO `tb_angsuran` VALUES ('485', '2', '4503', '4503', '2015-12-13', '2016-01-06', '25', '0', '2015-12-05', '0000-00-00 00:00:00', '0000-00-00 00:00:00');
INSERT INTO `tb_angsuran` VALUES ('486', '2', '5020', '5020', '2015-11-04', '2015-11-30', '27', '0', '2015-11-28', '0000-00-00 00:00:00', '0000-00-00 00:00:00');
INSERT INTO `tb_angsuran` VALUES ('488', '2', '5020', '5020', '2015-12-01', '2015-12-07', '7', '0', '2015-12-05', '0000-00-00 00:00:00', '0000-00-00 00:00:00');
INSERT INTO `tb_angsuran` VALUES ('489', '2', '5006', '5006', '2015-12-01', '2015-12-31', '31', '0', '2015-12-05', '0000-00-00 00:00:00', '0000-00-00 00:00:00');
INSERT INTO `tb_angsuran` VALUES ('490', '2', '5013', '5013', '2015-12-05', '2015-12-09', '5', '0', '2015-12-05', '0000-00-00 00:00:00', '0000-00-00 00:00:00');
INSERT INTO `tb_angsuran` VALUES ('491', '2', '5033', '5033', '2015-10-20', '2015-10-26', '7', '0', '2015-12-05', '0000-00-00 00:00:00', '0000-00-00 00:00:00');
INSERT INTO `tb_angsuran` VALUES ('492', '2', '5026', '5026', '2015-11-09', '2015-11-28', '20', '0', '2015-12-06', '0000-00-00 00:00:00', '0000-00-00 00:00:00');
INSERT INTO `tb_angsuran` VALUES ('493', '2', '5032', '5032', '2015-12-17', '2016-01-15', '30', '0', '2015-12-06', '0000-00-00 00:00:00', '0000-00-00 00:00:00');
INSERT INTO `tb_angsuran` VALUES ('494', '2', '4504', '4504', '2015-12-04', '2015-12-05', '2', '0', '2015-12-08', '0000-00-00 00:00:00', '0000-00-00 00:00:00');
INSERT INTO `tb_angsuran` VALUES ('495', '2', '5002', '5002', '2015-12-04', '2015-12-05', '2', '0', '2015-12-08', '0000-00-00 00:00:00', '0000-00-00 00:00:00');
INSERT INTO `tb_angsuran` VALUES ('496', '2', '5015', '5015', '2015-12-06', '2015-12-31', '26', '0', '2015-12-11', '0000-00-00 00:00:00', '0000-00-00 00:00:00');
INSERT INTO `tb_angsuran` VALUES ('497', '2', '5034', '5034', '2015-08-29', '2015-09-07', '10', '0', '2015-12-12', '0000-00-00 00:00:00', '0000-00-00 00:00:00');
INSERT INTO `tb_angsuran` VALUES ('498', '2', '5023', '5023', '2015-12-10', '2015-12-19', '10', '0', '2015-12-12', '0000-00-00 00:00:00', '0000-00-00 00:00:00');
INSERT INTO `tb_angsuran` VALUES ('499', '2', '5027', '5027', '2015-12-07', '2015-12-21', '15', '0', '2015-12-12', '0000-00-00 00:00:00', '0000-00-00 00:00:00');
INSERT INTO `tb_angsuran` VALUES ('500', '2', '5022', '5022', '2015-12-05', '2015-12-14', '10', '0', '2015-12-12', '0000-00-00 00:00:00', '0000-00-00 00:00:00');
INSERT INTO `tb_angsuran` VALUES ('501', '2', '5020', '5020', '2015-12-08', '2015-12-14', '7', '0', '2015-12-13', '0000-00-00 00:00:00', '0000-00-00 00:00:00');
INSERT INTO `tb_angsuran` VALUES ('502', '2', '5030', '5030', '2016-01-01', '2016-01-05', '5', '0', '2015-12-13', '0000-00-00 00:00:00', '0000-00-00 00:00:00');
INSERT INTO `tb_angsuran` VALUES ('503', '2', '5005', '5005', '2016-01-01', '2016-01-05', '5', '0', '2015-12-13', '0000-00-00 00:00:00', '0000-00-00 00:00:00');
INSERT INTO `tb_angsuran` VALUES ('504', '2', '5012', '5012', '2015-11-16', '2015-12-05', '20', '0', '2015-12-14', '0000-00-00 00:00:00', '0000-00-00 00:00:00');
INSERT INTO `tb_angsuran` VALUES ('505', '2', '5014', '5014', '2015-12-14', '2015-12-23', '10', '0', '2015-12-14', '0000-00-00 00:00:00', '0000-00-00 00:00:00');
INSERT INTO `tb_angsuran` VALUES ('506', '2', '5033', '5033', '2015-10-27', '2015-11-10', '15', '0', '2015-12-15', '0000-00-00 00:00:00', '0000-00-00 00:00:00');
INSERT INTO `tb_angsuran` VALUES ('507', '2', '5020', '5020', '2015-12-15', '2015-12-21', '7', '0', '2015-12-19', '0000-00-00 00:00:00', '0000-00-00 00:00:00');
INSERT INTO `tb_angsuran` VALUES ('508', '2', '5002', '5002', '2015-12-06', '2015-12-09', '4', '0', '2015-12-09', '0000-00-00 00:00:00', '0000-00-00 00:00:00');
INSERT INTO `tb_angsuran` VALUES ('509', '2', '4504', '4504', '2015-12-06', '2015-12-10', '5', '0', '2015-12-09', '0000-00-00 00:00:00', '0000-00-00 00:00:00');
INSERT INTO `tb_angsuran` VALUES ('510', '2', '4504', '4504', '2015-12-11', '2015-12-20', '10', '0', '2015-12-20', '0000-00-00 00:00:00', '0000-00-00 00:00:00');
INSERT INTO `tb_angsuran` VALUES ('511', '2', '5002', '5002', '2015-12-10', '2015-12-19', '10', '0', '2015-12-20', '0000-00-00 00:00:00', '0000-00-00 00:00:00');
INSERT INTO `tb_angsuran` VALUES ('513', '2', '5027', '5027', '2015-12-22', '2015-12-31', '10', '0', '2015-12-21', '2016-01-16 22:22:38', '0000-00-00 00:00:00');
INSERT INTO `tb_angsuran` VALUES ('514', '2', '5022', '5022', '2015-12-15', '2015-12-19', '5', '0', '2015-12-21', '2016-01-16 22:24:01', '0000-00-00 00:00:00');
INSERT INTO `tb_angsuran` VALUES ('515', '2', '5023', '5023', '2015-12-20', '2015-12-29', '10', '0', '2015-12-21', '2016-01-16 22:24:40', '0000-00-00 00:00:00');
INSERT INTO `tb_angsuran` VALUES ('516', '2', '4504', '4504', '2015-12-21', '2015-12-22', '2', '0', '2015-12-22', '2016-01-16 22:25:24', '0000-00-00 00:00:00');
INSERT INTO `tb_angsuran` VALUES ('517', '2', '5002', '5002', '2015-12-20', '2015-12-21', '2', '0', '2015-12-22', '2016-01-16 22:25:57', '0000-00-00 00:00:00');
INSERT INTO `tb_angsuran` VALUES ('518', '2', '4504', '4504', '2015-12-23', '2015-12-24', '2', '0', '2015-12-24', '2016-01-16 22:27:03', '0000-00-00 00:00:00');
INSERT INTO `tb_angsuran` VALUES ('519', '2', '5002', '5002', '2015-12-22', '2015-12-23', '2', '0', '2015-12-24', '2016-01-16 22:27:37', '0000-00-00 00:00:00');
INSERT INTO `tb_angsuran` VALUES ('520', '2', '5026', '5026', '2015-11-29', '2015-12-18', '20', '0', '2015-12-24', '2016-01-16 22:28:27', '0000-00-00 00:00:00');
INSERT INTO `tb_angsuran` VALUES ('521', '2', '5018', '5018', '2015-10-20', '2015-12-01', '43', '0', '2015-12-24', '2016-01-16 22:29:37', '0000-00-00 00:00:00');
INSERT INTO `tb_angsuran` VALUES ('522', '2', '5028', '5028', '2015-11-05', '2015-11-19', '15', '0', '2015-12-24', '2016-01-16 22:31:29', '0000-00-00 00:00:00');
INSERT INTO `tb_angsuran` VALUES ('523', '2', '5005', '5005', '2016-01-06', '2016-01-10', '5', '0', '2015-12-24', '2016-01-16 22:32:48', '0000-00-00 00:00:00');
INSERT INTO `tb_angsuran` VALUES ('524', '2', '5030', '5030', '2016-01-06', '2016-01-10', '5', '0', '2015-12-24', '2016-01-16 22:33:23', '2016-01-16 22:34:00');
INSERT INTO `tb_angsuran` VALUES ('525', '2', '4508', '4508', '2015-08-01', '2016-03-15', '228', '0', '2015-12-25', '2016-01-16 22:36:42', '2016-01-16 22:40:13');
INSERT INTO `tb_angsuran` VALUES ('526', '2', '5005', '5005', '2016-01-11', '2016-01-15', '5', '0', '2015-12-31', '2016-01-16 22:39:50', '0000-00-00 00:00:00');
INSERT INTO `tb_angsuran` VALUES ('527', '2', '5030', '5030', '2016-01-11', '2016-01-15', '5', '0', '2015-12-31', '2016-01-16 22:40:48', '0000-00-00 00:00:00');
INSERT INTO `tb_angsuran` VALUES ('528', '2', '5033', '5033', '2015-11-11', '2015-11-25', '15', '0', '2015-12-31', '2016-01-16 22:42:00', '0000-00-00 00:00:00');
INSERT INTO `tb_angsuran` VALUES ('529', '2', '5028', '5028', '2015-11-20', '2015-12-20', '31', '0', '2015-12-31', '2016-01-16 22:43:07', '0000-00-00 00:00:00');
INSERT INTO `tb_angsuran` VALUES ('530', '2', '4509', '4509', '2015-10-26', '2015-12-14', '50', '0', '2016-01-06', '2016-01-16 22:44:22', '0000-00-00 00:00:00');
INSERT INTO `tb_angsuran` VALUES ('531', '2', '5009', '5009', '2015-12-10', '2016-01-10', '32', '0', '2016-01-06', '2016-01-16 22:45:26', '2016-01-16 22:45:57');
INSERT INTO `tb_angsuran` VALUES ('532', '2', '5013', '5013', '2015-12-10', '2016-01-10', '32', '0', '2016-01-06', '2016-01-16 22:46:57', '0000-00-00 00:00:00');
INSERT INTO `tb_angsuran` VALUES ('533', '2', '5015', '5015', '2016-01-01', '2016-01-15', '15', '0', '2016-01-07', '2016-01-16 22:47:47', '0000-00-00 00:00:00');
INSERT INTO `tb_angsuran` VALUES ('534', '2', '5014', '5014', '2015-12-24', '2016-01-12', '20', '0', '2016-01-09', '2016-01-16 22:48:52', '0000-00-00 00:00:00');
INSERT INTO `tb_angsuran` VALUES ('535', '2', '5033', '5033', '2015-11-26', '2015-12-10', '15', '0', '2016-01-09', '2016-01-16 22:50:03', '2016-01-16 22:50:19');
INSERT INTO `tb_angsuran` VALUES ('536', '2', '5006', '5006', '2016-01-01', '2016-01-31', '31', '0', '2016-01-09', '2016-01-16 22:50:46', '0000-00-00 00:00:00');
INSERT INTO `tb_angsuran` VALUES ('537', '2', '4504', '4504', '2015-12-25', '2016-01-15', '22', '0', '2016-01-10', '2016-01-16 22:51:52', '2016-01-16 22:52:04');
INSERT INTO `tb_angsuran` VALUES ('538', '2', '5002', '5002', '2015-12-24', '2016-01-03', '11', '0', '2016-01-10', '2016-01-16 22:52:46', '0000-00-00 00:00:00');
INSERT INTO `tb_angsuran` VALUES ('539', '2', '4506', '4506', '2015-11-01', '2016-01-05', '66', '0', '2016-01-10', '2016-01-16 22:54:43', '0000-00-00 00:00:00');
INSERT INTO `tb_angsuran` VALUES ('540', '2', '5020', '5020', '2015-12-22', '2016-01-10', '20', '0', '2016-01-10', '2016-01-16 22:55:26', '2016-01-16 22:55:47');
INSERT INTO `tb_angsuran` VALUES ('541', '2', '5034', '5034', '2015-09-08', '2015-09-12', '5', '0', '2015-12-21', '2016-01-16 23:00:50', '0000-00-00 00:00:00');
INSERT INTO `tb_angsuran` VALUES ('542', '2', '5026', '5026', '2015-12-19', '2016-01-07', '20', '0', '2016-01-17', '2016-03-05 13:46:06', '0000-00-00 00:00:00');
INSERT INTO `tb_angsuran` VALUES ('543', '2', '4503', '4503', '2016-01-07', '2016-01-31', '25', '0', '2016-01-18', '2016-03-05 13:47:47', '0000-00-00 00:00:00');
INSERT INTO `tb_angsuran` VALUES ('544', '2', '5033', '5033', '2015-12-11', '2015-12-25', '15', '0', '2016-01-18', '2016-03-05 13:49:19', '0000-00-00 00:00:00');
INSERT INTO `tb_angsuran` VALUES ('545', '2', '5027', '5027', '2016-01-01', '2016-01-30', '30', '0', '2016-01-24', '2016-03-05 13:50:45', '0000-00-00 00:00:00');
INSERT INTO `tb_angsuran` VALUES ('546', '2', '5022', '5022', '2015-12-20', '2016-01-08', '20', '0', '2016-01-24', '2016-03-05 13:51:44', '0000-00-00 00:00:00');
INSERT INTO `tb_angsuran` VALUES ('547', '2', '5023', '5023', '2015-12-30', '2016-01-08', '10', '0', '2016-01-24', '2016-03-05 13:52:18', '0000-00-00 00:00:00');
INSERT INTO `tb_angsuran` VALUES ('548', '2', '5015', '5015', '2016-01-16', '2016-01-31', '16', '0', '2016-01-26', '2016-03-05 13:53:44', '0000-00-00 00:00:00');
INSERT INTO `tb_angsuran` VALUES ('549', '2', '5012', '5012', '2015-12-06', '2016-01-05', '31', '0', '2016-02-01', '2016-03-05 13:55:01', '0000-00-00 00:00:00');
INSERT INTO `tb_angsuran` VALUES ('550', '2', '5014', '5014', '2016-01-13', '2016-01-22', '10', '0', '2016-02-01', '2016-03-05 13:55:47', '0000-00-00 00:00:00');
INSERT INTO `tb_angsuran` VALUES ('551', '2', '5027', '5027', '2016-01-31', '2016-02-10', '11', '0', '2016-02-03', '2016-03-05 13:56:51', '0000-00-00 00:00:00');
INSERT INTO `tb_angsuran` VALUES ('552', '2', '5022', '5022', '2016-01-09', '2016-01-18', '10', '0', '2016-02-03', '2016-03-05 13:58:18', '0000-00-00 00:00:00');
INSERT INTO `tb_angsuran` VALUES ('553', '2', '5023', '5023', '2016-01-09', '2016-01-18', '10', '0', '2016-02-03', '2016-03-05 13:59:03', '0000-00-00 00:00:00');
INSERT INTO `tb_angsuran` VALUES ('554', '2', '5034', '5034', '2015-09-13', '2015-10-07', '25', '0', '2016-02-03', '2016-03-05 14:00:12', '2016-03-05 14:00:28');
INSERT INTO `tb_angsuran` VALUES ('555', '2', '5006', '5006', '2016-02-01', '2016-02-29', '29', '0', '2016-02-06', '2016-03-05 14:01:18', '0000-00-00 00:00:00');
INSERT INTO `tb_angsuran` VALUES ('556', '2', '4505', '4505', '2016-01-01', '2016-03-01', '61', '0', '2016-02-06', '2016-03-05 14:02:23', '2016-03-05 14:02:35');
INSERT INTO `tb_angsuran` VALUES ('557', '2', '5033', '5033', '2015-12-26', '2016-01-09', '15', '0', '2016-02-12', '2016-03-05 14:03:49', '2016-03-05 14:04:03');
INSERT INTO `tb_angsuran` VALUES ('558', '2', '4506', '4506', '2016-01-06', '2016-02-09', '35', '0', '2016-02-13', '2016-03-05 14:06:54', '0000-00-00 00:00:00');
INSERT INTO `tb_angsuran` VALUES ('559', '2', '5009', '5009', '2016-01-11', '2016-02-12', '33', '0', '2016-02-13', '2016-03-05 14:08:03', '0000-00-00 00:00:00');
INSERT INTO `tb_angsuran` VALUES ('560', '2', '5013', '5013', '2016-01-11', '2016-02-12', '33', '0', '2016-02-13', '2016-03-05 14:09:02', '0000-00-00 00:00:00');
INSERT INTO `tb_angsuran` VALUES ('561', '2', '5026', '5026', '2016-01-08', '2016-01-27', '20', '0', '2016-02-14', '2016-03-05 14:09:59', '0000-00-00 00:00:00');
INSERT INTO `tb_angsuran` VALUES ('562', '2', '5026', '5026', '2016-01-28', '2016-02-06', '10', '0', '2016-02-20', '2016-03-05 14:10:47', '0000-00-00 00:00:00');
INSERT INTO `tb_angsuran` VALUES ('563', '2', '5018', '5018', '2015-12-02', '2015-12-28', '27', '0', '2016-02-26', '2016-03-05 14:12:14', '0000-00-00 00:00:00');
INSERT INTO `tb_angsuran` VALUES ('564', '2', '5015', '5015', '2016-02-01', '2016-02-29', '29', '0', '2016-02-27', '2016-03-05 14:13:39', '0000-00-00 00:00:00');
INSERT INTO `tb_angsuran` VALUES ('565', '2', '5013', '5013', '2016-02-13', '2016-02-22', '10', '0', '2016-02-28', '2016-03-05 14:14:35', '0000-00-00 00:00:00');
INSERT INTO `tb_angsuran` VALUES ('566', '2', '5009', '5009', '2016-02-13', '2016-02-22', '10', '0', '2016-02-28', '2016-03-05 14:15:32', '0000-00-00 00:00:00');
INSERT INTO `tb_angsuran` VALUES ('567', '2', '5012', '5012', '2016-01-06', '2016-02-08', '34', '0', '2016-02-28', '2016-03-05 14:22:58', '0000-00-00 00:00:00');
INSERT INTO `tb_angsuran` VALUES ('568', '2', '5014', '5014', '2016-01-23', '2016-02-11', '20', '0', '2016-02-28', '2016-03-05 14:25:21', '0000-00-00 00:00:00');
INSERT INTO `tb_angsuran` VALUES ('569', '2', '4503', '4503', '2016-02-01', '2016-03-21', '50', '0', '2016-02-29', '2016-03-05 14:26:45', '0000-00-00 00:00:00');
INSERT INTO `tb_angsuran` VALUES ('570', '2', '5033', '5033', '2016-01-10', '2016-01-24', '15', '0', '2016-03-01', '2016-03-05 14:27:26', '0000-00-00 00:00:00');
INSERT INTO `tb_angsuran` VALUES ('571', '2', '5027', '5027', '2016-02-11', '2016-03-11', '30', '0', '2016-03-04', '2016-03-05 14:29:50', '0000-00-00 00:00:00');
INSERT INTO `tb_angsuran` VALUES ('572', '2', '5022', '5022', '2016-01-19', '2016-02-17', '30', '0', '2016-03-04', '2016-03-05 14:31:29', '0000-00-00 00:00:00');
INSERT INTO `tb_angsuran` VALUES ('573', '2', '5023', '5023', '2016-01-19', '2016-02-27', '40', '0', '2016-03-04', '2016-03-05 14:32:26', '0000-00-00 00:00:00');
INSERT INTO `tb_angsuran` VALUES ('574', '2', '5034', '5034', '2015-10-08', '2015-10-17', '10', '0', '2016-03-04', '2016-03-05 14:32:58', '0000-00-00 00:00:00');
INSERT INTO `tb_angsuran` VALUES ('575', '2', '5020', '5020', '2016-01-11', '2016-02-06', '27', '0', '2016-03-04', '2016-03-05 14:34:20', '0000-00-00 00:00:00');
INSERT INTO `tb_angsuran` VALUES ('576', '2', '5020', '5020', '2016-02-07', '2016-03-04', '27', '0', '2016-03-05', '2016-03-05 14:34:54', '0000-00-00 00:00:00');

-- ----------------------------
-- Table structure for tb_kelompok
-- ----------------------------
DROP TABLE IF EXISTS `tb_kelompok`;
CREATE TABLE `tb_kelompok` (
  `id_kelompok` int(14) NOT NULL AUTO_INCREMENT,
  `nama_kelompok` varchar(60) NOT NULL,
  PRIMARY KEY (`id_kelompok`)
) ENGINE=MyISAM AUTO_INCREMENT=3 DEFAULT CHARSET=latin1;

-- ----------------------------
-- Records of tb_kelompok
-- ----------------------------
INSERT INTO `tb_kelompok` VALUES ('1', 'IIM');
INSERT INTO `tb_kelompok` VALUES ('2', 'Setiawati');

-- ----------------------------
-- Table structure for tb_paket
-- ----------------------------
DROP TABLE IF EXISTS `tb_paket`;
CREATE TABLE `tb_paket` (
  `id_paket` int(14) NOT NULL AUTO_INCREMENT,
  `nama_paket` varchar(15) NOT NULL,
  `harga_paket` varchar(15) NOT NULL,
  `administrasi` varchar(15) NOT NULL,
  PRIMARY KEY (`id_paket`)
) ENGINE=MyISAM AUTO_INCREMENT=46 DEFAULT CHARSET=latin1;

-- ----------------------------
-- Records of tb_paket
-- ----------------------------
INSERT INTO `tb_paket` VALUES ('1', 'SEMBAKO A', '1500', '30000');
INSERT INTO `tb_paket` VALUES ('2', 'SEMBAKO B', '1500', '30000');
INSERT INTO `tb_paket` VALUES ('3', 'SEMBAKO C', '1500', '30000');
INSERT INTO `tb_paket` VALUES ('4', 'SEMBAKO D', '1500', '30000');
INSERT INTO `tb_paket` VALUES ('5', 'SEMBAKO E', '1500', '30000');
INSERT INTO `tb_paket` VALUES ('6', 'SEMBAKO F', '1500', '30000');
INSERT INTO `tb_paket` VALUES ('7', 'SEMBAKO G', '1500', '30000');
INSERT INTO `tb_paket` VALUES ('8', 'SEMBAKO H', '1500', '30000');
INSERT INTO `tb_paket` VALUES ('9', 'SEMBAKO I', '1500', '30000');
INSERT INTO `tb_paket` VALUES ('10', 'SEMBAKO J', '1500', '30000');
INSERT INTO `tb_paket` VALUES ('11', 'SEMBAKO K', '1500', '30000');
INSERT INTO `tb_paket` VALUES ('12', 'SEMBAKO L', '1500', '30000');
INSERT INTO `tb_paket` VALUES ('13', 'SEMBAKO M', '2500', '40000');
INSERT INTO `tb_paket` VALUES ('14', 'SEMBAKO N', '2000', '40000');
INSERT INTO `tb_paket` VALUES ('15', 'SEMBAKO O', '2000', '40000');
INSERT INTO `tb_paket` VALUES ('16', 'SEMBAKO P', '2000', '40000');
INSERT INTO `tb_paket` VALUES ('17', 'SEMBAKO Q', '2000', '40000');
INSERT INTO `tb_paket` VALUES ('18', 'SEMBAKO R', '2000', '40000');
INSERT INTO `tb_paket` VALUES ('19', 'SEMBAKO S', '2000', '40000');
INSERT INTO `tb_paket` VALUES ('20', 'SEMBAKO T', '2000', '40000');
INSERT INTO `tb_paket` VALUES ('21', 'SEMBAKO U', '2000', '40000');
INSERT INTO `tb_paket` VALUES ('22', 'SEMBAKO V', '2000', '40000');
INSERT INTO `tb_paket` VALUES ('23', 'SEMBAKO W', '2000', '40000');
INSERT INTO `tb_paket` VALUES ('24', 'SEMBAKO X', '2000', '40000');
INSERT INTO `tb_paket` VALUES ('25', 'SEMBAKO Y', '2000', '40000');
INSERT INTO `tb_paket` VALUES ('26', 'SEMBAKO Z', '2000', '40000');
INSERT INTO `tb_paket` VALUES ('27', 'UANG 1000', '1000', '20000');
INSERT INTO `tb_paket` VALUES ('28', 'UANG 2000', '2000', '20000');
INSERT INTO `tb_paket` VALUES ('29', 'UANG 3000', '3000', '20000');
INSERT INTO `tb_paket` VALUES ('30', 'UANG 4000', '4000', '40000');
INSERT INTO `tb_paket` VALUES ('31', 'UANG 5000', '5000', '40000');
INSERT INTO `tb_paket` VALUES ('32', 'UANG 6000', '6000', '40000');
INSERT INTO `tb_paket` VALUES ('33', 'UANG 7000', '7000', '60000');
INSERT INTO `tb_paket` VALUES ('34', 'UANG 8000', '8000', '60000');
INSERT INTO `tb_paket` VALUES ('35', 'UANG 9000', '9000', '60000');
INSERT INTO `tb_paket` VALUES ('36', 'UANG 10000', '10000', '60000');
INSERT INTO `tb_paket` VALUES ('37', 'UANG 11000', '11000', '80000');
INSERT INTO `tb_paket` VALUES ('38', 'UANG 20000', '20000', '100000');
INSERT INTO `tb_paket` VALUES ('39', 'UANG 21000', '21000', '120000');
INSERT INTO `tb_paket` VALUES ('40', 'UANG 30000', '30000', '150000');
INSERT INTO `tb_paket` VALUES ('41', 'UANG 31000', '31000', '150000');
INSERT INTO `tb_paket` VALUES ('42', 'UANG 40000', '40000', '150000');
INSERT INTO `tb_paket` VALUES ('43', 'UANG 50000', '50000', '150000');
INSERT INTO `tb_paket` VALUES ('44', 'UANG 51000', '51000', '200000');
INSERT INTO `tb_paket` VALUES ('45', 'UANG 100000', '100000', '200000');

-- ----------------------------
-- Table structure for tb_paket_detail
-- ----------------------------
DROP TABLE IF EXISTS `tb_paket_detail`;
CREATE TABLE `tb_paket_detail` (
  `id_paket_detail` int(14) NOT NULL AUTO_INCREMENT,
  `id_paket` varchar(14) DEFAULT NULL,
  `nama_paket_detail` varchar(70) DEFAULT NULL,
  `isi` varchar(70) DEFAULT NULL,
  PRIMARY KEY (`id_paket_detail`)
) ENGINE=MyISAM AUTO_INCREMENT=74 DEFAULT CHARSET=latin1;

-- ----------------------------
-- Records of tb_paket_detail
-- ----------------------------
INSERT INTO `tb_paket_detail` VALUES ('1', '1', 'Daging', '1 Kg');
INSERT INTO `tb_paket_detail` VALUES ('2', '1', 'Beras', '5 Kg');
INSERT INTO `tb_paket_detail` VALUES ('3', '1', 'Gulaku', '2 Kg');
INSERT INTO `tb_paket_detail` VALUES ('4', '1', 'Bimoli', '2 Kg');
INSERT INTO `tb_paket_detail` VALUES ('5', '1', 'Terigu Segitiga Biru', '2 Kg');
INSERT INTO `tb_paket_detail` VALUES ('6', '1', 'Kacang kupas', '2 Kg');
INSERT INTO `tb_paket_detail` VALUES ('7', '2', 'Terigu Segitiga Biru', '5 Kg');
INSERT INTO `tb_paket_detail` VALUES ('8', '2', 'Gulaku', '5 Kg');
INSERT INTO `tb_paket_detail` VALUES ('9', '2', 'Blueband', '5 Sac');
INSERT INTO `tb_paket_detail` VALUES ('10', '2', 'Bimoli', '5 Liter');
INSERT INTO `tb_paket_detail` VALUES ('11', '2', 'Kacang Kupas', '3 Kg');
INSERT INTO `tb_paket_detail` VALUES ('12', '3', 'Kue Nastar', '2 Toples');
INSERT INTO `tb_paket_detail` VALUES ('13', '3', 'Kue Keju', '2 Toples');
INSERT INTO `tb_paket_detail` VALUES ('14', '3', 'Kue Sagu Keju', '1 Toples');
INSERT INTO `tb_paket_detail` VALUES ('15', '3', 'Kacang Mede', '2 Toples');
INSERT INTO `tb_paket_detail` VALUES ('16', '4', 'Daging', '2,5 Kg');
INSERT INTO `tb_paket_detail` VALUES ('17', '5', 'Beras', '25 Kg');
INSERT INTO `tb_paket_detail` VALUES ('18', '6', 'Daging', '2 Kg');
INSERT INTO `tb_paket_detail` VALUES ('19', '6', 'Beras', '5 Kg');
INSERT INTO `tb_paket_detail` VALUES ('20', '7', 'Kue Nastar', '1 Toples');
INSERT INTO `tb_paket_detail` VALUES ('21', '7', 'Kue Keju', '1 Toples');
INSERT INTO `tb_paket_detail` VALUES ('22', '7', 'Kue Salju', '1 Toples');
INSERT INTO `tb_paket_detail` VALUES ('23', '7', 'Kacang Mede', '1 Toples');
INSERT INTO `tb_paket_detail` VALUES ('24', '7', 'Konguan Kecil', '1 Kaleng');
INSERT INTO `tb_paket_detail` VALUES ('25', '7', 'Monde Kecil', '1 Kaleng');
INSERT INTO `tb_paket_detail` VALUES ('26', '7', 'Sirup ABC', '1 Botol');
INSERT INTO `tb_paket_detail` VALUES ('27', '7', 'Sirup Marjan', '1 Botol');
INSERT INTO `tb_paket_detail` VALUES ('28', '8', 'Konguan Kecil', '1 Kaleng');
INSERT INTO `tb_paket_detail` VALUES ('29', '8', 'Monde Kecil', '1 Kaleng');
INSERT INTO `tb_paket_detail` VALUES ('30', '8', 'Wafer', '1 Kaleng');
INSERT INTO `tb_paket_detail` VALUES ('31', '8', 'Astor', '1 Kaleng');
INSERT INTO `tb_paket_detail` VALUES ('32', '8', 'Biskuit Kelapa', '1 Kaleng');
INSERT INTO `tb_paket_detail` VALUES ('33', '8', 'Biskuit Lemon', '1 Kaleng');
INSERT INTO `tb_paket_detail` VALUES ('34', '8', 'Walens Choco Soes', '1 Kaleng');
INSERT INTO `tb_paket_detail` VALUES ('35', '8', 'Egg Roll Kecil', '1 Kaleng');
INSERT INTO `tb_paket_detail` VALUES ('36', '9', 'Indomie Kari', '1 Dus');
INSERT INTO `tb_paket_detail` VALUES ('37', '9', 'Indomie Soto', '1 Dus');
INSERT INTO `tb_paket_detail` VALUES ('38', '9', 'Indomie Goreng', '1 Dus');
INSERT INTO `tb_paket_detail` VALUES ('39', '9', 'Botan', '3 Kaleng');
INSERT INTO `tb_paket_detail` VALUES ('40', '9', 'Kecap', '1 Botol');
INSERT INTO `tb_paket_detail` VALUES ('41', '9', 'Saus Belibis', '1 Botol');
INSERT INTO `tb_paket_detail` VALUES ('42', '10', 'Konguan Besar', '1 Kaleng');
INSERT INTO `tb_paket_detail` VALUES ('43', '10', 'Monde Besar', '1 Kaleng');
INSERT INTO `tb_paket_detail` VALUES ('44', '10', 'Pie Selection', '1 Kaleng');
INSERT INTO `tb_paket_detail` VALUES ('45', '10', 'Egg Roll Besar', '1 Kaleng');
INSERT INTO `tb_paket_detail` VALUES ('46', '10', 'Sirup ABC', '1 Botol');
INSERT INTO `tb_paket_detail` VALUES ('47', '10', 'Sirup Marjan', '1 Botol');
INSERT INTO `tb_paket_detail` VALUES ('48', '11', 'Pastel', '1 Kg');
INSERT INTO `tb_paket_detail` VALUES ('49', '11', 'Sumpia', '1 Kg');
INSERT INTO `tb_paket_detail` VALUES ('50', '11', 'Stik Keju', '1 Kg');
INSERT INTO `tb_paket_detail` VALUES ('51', '11', 'Stik Balado', '1 Kg');
INSERT INTO `tb_paket_detail` VALUES ('52', '11', 'Kacang Atom', '1/2 Kg');
INSERT INTO `tb_paket_detail` VALUES ('53', '11', 'Kacang Mede', '1/2 Kg');
INSERT INTO `tb_paket_detail` VALUES ('54', '11', 'Kacang Thailan', '1/2 Kg');
INSERT INTO `tb_paket_detail` VALUES ('55', '12', 'Daging', '1 Kg');
INSERT INTO `tb_paket_detail` VALUES ('56', '12', 'Beras', '5 Kg');
INSERT INTO `tb_paket_detail` VALUES ('57', '12', 'Kue Nastar', '1 Toples');
INSERT INTO `tb_paket_detail` VALUES ('58', '12', 'Kue Keju', '1 Toples');
INSERT INTO `tb_paket_detail` VALUES ('59', '12', 'Kue Salju', '1 Toples');
INSERT INTO `tb_paket_detail` VALUES ('60', '12', 'Sirup ABC', '1 Botol');
INSERT INTO `tb_paket_detail` VALUES ('61', '12', 'Sirup Marjan', '1 Botol');
INSERT INTO `tb_paket_detail` VALUES ('62', '13', 'Beras', '50 Kg');
INSERT INTO `tb_paket_detail` VALUES ('63', '14', 'Monde Besar', '1 Kaleng');
INSERT INTO `tb_paket_detail` VALUES ('64', '14', 'Egg Roll Besar', '1 Kaleng');
INSERT INTO `tb_paket_detail` VALUES ('65', '14', 'Pie Selection', '1 Kaleng');
INSERT INTO `tb_paket_detail` VALUES ('66', '14', 'Good Time Besar', '1 Kaleng');
INSERT INTO `tb_paket_detail` VALUES ('67', '14', 'Biskuit Lemon', '1 Kaleng');
INSERT INTO `tb_paket_detail` VALUES ('68', '14', 'Walens Choco Soes', '1 Kaleng');
INSERT INTO `tb_paket_detail` VALUES ('69', '14', 'Wafer', '1 Kaleng');
INSERT INTO `tb_paket_detail` VALUES ('70', '14', 'Biskuit Kelapa', '1 Kaleng');
INSERT INTO `tb_paket_detail` VALUES ('71', '14', 'Longer', '1 Kaleng');
INSERT INTO `tb_paket_detail` VALUES ('72', '15', 'Daging', '3 Kg');
INSERT INTO `tb_paket_detail` VALUES ('73', '15', 'Beras', '5 Kg');

-- ----------------------------
-- Table structure for tb_pelanggan
-- ----------------------------
DROP TABLE IF EXISTS `tb_pelanggan`;
CREATE TABLE `tb_pelanggan` (
  `id_pelanggan` varchar(4) NOT NULL,
  `nama` varchar(70) NOT NULL,
  `alamat` text NOT NULL,
  `telepon` varchar(20) NOT NULL,
  `tgl_daftar` datetime NOT NULL,
  `create_at` datetime NOT NULL,
  `update_at` datetime NOT NULL,
  PRIMARY KEY (`id_pelanggan`)
) ENGINE=MyISAM DEFAULT CHARSET=latin1;

-- ----------------------------
-- Records of tb_pelanggan
-- ----------------------------
INSERT INTO `tb_pelanggan` VALUES ('4501', 'RINA', 'JL. SAGULING 1 NO 13 PERUMNAS 2 TANGERANG', '089664726526', '2015-07-25 18:33:04', '0000-00-00 00:00:00', '0000-00-00 00:00:00');
INSERT INTO `tb_pelanggan` VALUES ('4502', 'SUDARMI', 'JL. SAGULING 1 NO  PERUMNAS 2 TANGERANG', '-', '2015-07-25 18:35:41', '0000-00-00 00:00:00', '0000-00-00 00:00:00');
INSERT INTO `tb_pelanggan` VALUES ('4503', 'ERMIATY', 'JL. SAGULING 1 NO 10 PERUMNAS 2 TANGERANG', '085813641144', '2015-07-25 18:37:01', '0000-00-00 00:00:00', '0000-00-00 00:00:00');
INSERT INTO `tb_pelanggan` VALUES ('4504', 'DEDEH', 'JL. SAGULING 1 NO 15 PERUMNAS 2 TANGERANG', '-', '2015-07-25 19:10:27', '0000-00-00 00:00:00', '0000-00-00 00:00:00');
INSERT INTO `tb_pelanggan` VALUES ('4505', 'AGIL', 'JL. SAGULING 4 NO 8 PERUMNAS 2 TANGERANG', '-', '2015-07-25 19:12:15', '0000-00-00 00:00:00', '0000-00-00 00:00:00');
INSERT INTO `tb_pelanggan` VALUES ('4506', 'NENY SUMARNY', 'JL. SAGULING 2 NO 12 PERUMNAS 2 TANGERANG', '08111895461', '2015-07-25 19:11:39', '0000-00-00 00:00:00', '0000-00-00 00:00:00');
INSERT INTO `tb_pelanggan` VALUES ('4507', 'HJ SULIS', 'JL. SAGULING 1 NO 13 PERUMNAS 2 TANGERANG\r\n', '085714544500', '2015-07-26 11:47:07', '0000-00-00 00:00:00', '0000-00-00 00:00:00');
INSERT INTO `tb_pelanggan` VALUES ('4508', 'HARRY OKTOMARIZAL', 'JL. CITAYEM', '085752845335', '2015-08-15 20:21:36', '0000-00-00 00:00:00', '0000-00-00 00:00:00');
INSERT INTO `tb_pelanggan` VALUES ('4509', 'LISDAWATI', 'JL. SAGULING 2', '-', '2015-08-23 18:06:23', '0000-00-00 00:00:00', '0000-00-00 00:00:00');
INSERT INTO `tb_pelanggan` VALUES ('5001', 'SUDARMI', 'JL. SAGULING 1 NO PERUMNAS 2 TANGERANG\r\n', '-', '2015-07-26 11:43:57', '0000-00-00 00:00:00', '0000-00-00 00:00:00');
INSERT INTO `tb_pelanggan` VALUES ('5002', 'DEDEH', 'JL. SAGULING 1 NO 15 PERUMNAS 2 TANGERANG', '-', '2015-07-25 19:11:04', '0000-00-00 00:00:00', '0000-00-00 00:00:00');
INSERT INTO `tb_pelanggan` VALUES ('5003', 'DWI ARI SANDY', 'JL. SAGULING 1 NO 14 PERUMNAS 2 TANGERANG', '085717422155', '2015-07-25 19:12:54', '0000-00-00 00:00:00', '0000-00-00 00:00:00');
INSERT INTO `tb_pelanggan` VALUES ('5004', 'EKO BUDI SANTOSO', 'JL. SAGULING 1 NO 14 PERUMNAS 2 TANGERANG', '085717422155', '2015-07-25 19:13:38', '0000-00-00 00:00:00', '0000-00-00 00:00:00');
INSERT INTO `tb_pelanggan` VALUES ('5005', 'SESI', 'JL. SAGULING 2', '-', '2015-07-26 11:33:52', '0000-00-00 00:00:00', '0000-00-00 00:00:00');
INSERT INTO `tb_pelanggan` VALUES ('5006', 'KOMARIAH', 'JL. SAGULING RAYA NO 6 PERUMNAS 2 TANGERANG', '0215910783', '2015-07-26 11:34:30', '0000-00-00 00:00:00', '0000-00-00 00:00:00');
INSERT INTO `tb_pelanggan` VALUES ('5007', 'HJ TATI', 'JL. SAGULING RAYA NO 8 PERUMNAS 2 TANGERANG', '085782499370', '2015-07-26 11:35:14', '0000-00-00 00:00:00', '0000-00-00 00:00:00');
INSERT INTO `tb_pelanggan` VALUES ('5008', 'OOM KOMALASARI', 'JL. SAGULING 4 NO 7 PERUMNAS 2 TANGERANG', '081284298763', '2015-07-26 11:37:06', '0000-00-00 00:00:00', '0000-00-00 00:00:00');
INSERT INTO `tb_pelanggan` VALUES ('5009', 'SAULINA NURMALA', 'JL. SAGULING 2 NO 8 PERUMNAS 2 TANGERANG', '081318005467', '2015-07-26 11:38:23', '0000-00-00 00:00:00', '0000-00-00 00:00:00');
INSERT INTO `tb_pelanggan` VALUES ('5010', 'VENIA ANDIATI', 'JL. SAGULING 3 NO 6 PERUMNAS 2 TANGERANG', '083893807504', '2015-07-26 11:39:18', '0000-00-00 00:00:00', '0000-00-00 00:00:00');
INSERT INTO `tb_pelanggan` VALUES ('5011', 'ALDI SURYA PRASETYA', 'JL. SAGULING 3 NO 6 PERUMNAS 2 TANGERANG\r\n', '083878558855', '2015-07-26 11:43:17', '0000-00-00 00:00:00', '0000-00-00 00:00:00');
INSERT INTO `tb_pelanggan` VALUES ('5012', 'TRI INTAN LESTARI', 'JL. SAGULING 2 NO 4 PERUMNAS 2 TANGERANG\r\n', '85694456006', '2015-07-26 11:41:31', '0000-00-00 00:00:00', '0000-00-00 00:00:00');
INSERT INTO `tb_pelanggan` VALUES ('5013', 'ANNISA RIZKYTA', 'JL. SAGULING 2 NO 8 PERUMNAS 2 TANGERANG', '087871016024', '2015-07-26 11:40:11', '0000-00-00 00:00:00', '0000-00-00 00:00:00');
INSERT INTO `tb_pelanggan` VALUES ('5014', 'SYAPARIAH', 'JL. SAGULING 2 NO 4 PERUMNAS 2 TANGERANG\r\n', '085711833445', '2015-07-26 11:42:09', '0000-00-00 00:00:00', '0000-00-00 00:00:00');
INSERT INTO `tb_pelanggan` VALUES ('5015', 'MIRA', 'JL. SAGULING 3 NO PERUMNAS 2 TANGERANG\r\n', '081386797054', '2015-07-26 11:46:37', '0000-00-00 00:00:00', '0000-00-00 00:00:00');
INSERT INTO `tb_pelanggan` VALUES ('5016', 'NANA MARYANA', 'JL. SAGULING 2 NO 10 PERUMNAS 2 TANGERANG\r\n', '085966432998', '2015-07-26 11:44:31', '0000-00-00 00:00:00', '0000-00-00 00:00:00');
INSERT INTO `tb_pelanggan` VALUES ('5017', 'ETTY MURTIANA', 'JL. SAGULING 2 NO 10 PERUMNAS 2 TANGERANG\r\n', '08981276364', '2015-07-26 11:45:21', '0000-00-00 00:00:00', '0000-00-00 00:00:00');
INSERT INTO `tb_pelanggan` VALUES ('5018', 'HESTI DESMAYATI', 'JL. SAGULING 1 NO 14 PERUMNAS 2 TANGERANG\r\n', '087809190757', '2015-07-26 11:45:54', '0000-00-00 00:00:00', '0000-00-00 00:00:00');
INSERT INTO `tb_pelanggan` VALUES ('5019', 'SULIS', 'JL. SAGULING 1 NO 13 PERUMNAS 2 TANGERANG', '', '0000-00-00 00:00:00', '0000-00-00 00:00:00', '0000-00-00 00:00:00');
INSERT INTO `tb_pelanggan` VALUES ('5020', 'TANJUNG', 'JL. SAGULING 1 NO PERUMNAS 2 TANGERANG', '-', '2015-07-29 22:49:03', '0000-00-00 00:00:00', '0000-00-00 00:00:00');
INSERT INTO `tb_pelanggan` VALUES ('5021', 'VIETHA', 'JL. SAGULING', '-', '2015-07-30 00:02:55', '0000-00-00 00:00:00', '0000-00-00 00:00:00');
INSERT INTO `tb_pelanggan` VALUES ('5022', 'MAMA ANDRE', '-', '-', '2015-08-15 19:31:49', '0000-00-00 00:00:00', '0000-00-00 00:00:00');
INSERT INTO `tb_pelanggan` VALUES ('5023', 'ANDRE', '-', '-', '2015-08-15 19:31:51', '0000-00-00 00:00:00', '0000-00-00 00:00:00');
INSERT INTO `tb_pelanggan` VALUES ('5024', 'UNI MINAR', '-', '-', '2015-08-15 19:31:55', '0000-00-00 00:00:00', '0000-00-00 00:00:00');
INSERT INTO `tb_pelanggan` VALUES ('5025', 'PERY', 'MRICAN', '-', '2015-08-15 19:31:58', '0000-00-00 00:00:00', '0000-00-00 00:00:00');
INSERT INTO `tb_pelanggan` VALUES ('5026', 'RIAN', 'MRICAN', '-', '2015-08-15 19:32:01', '0000-00-00 00:00:00', '0000-00-00 00:00:00');
INSERT INTO `tb_pelanggan` VALUES ('5027', 'YURNITA', 'MRICAN RAYA NO 14', '-', '2015-08-15 19:32:04', '0000-00-00 00:00:00', '0000-00-00 00:00:00');
INSERT INTO `tb_pelanggan` VALUES ('5028', 'MM DWI', 'SAGULING I ', '-', '2015-08-15 19:32:07', '0000-00-00 00:00:00', '0000-00-00 00:00:00');
INSERT INTO `tb_pelanggan` VALUES ('5029', 'BU YUDI', 'SAGULING 3', '-', '2015-08-15 19:32:11', '0000-00-00 00:00:00', '0000-00-00 00:00:00');
INSERT INTO `tb_pelanggan` VALUES ('5030', 'YONO', 'JL. SAGULING 2', '-', '2015-08-17 17:39:41', '0000-00-00 00:00:00', '0000-00-00 00:00:00');
INSERT INTO `tb_pelanggan` VALUES ('5031', 'MM DWI', 'JL. SAGULING 1', '-', '2015-09-02 18:12:25', '0000-00-00 00:00:00', '0000-00-00 00:00:00');
INSERT INTO `tb_pelanggan` VALUES ('5032', 'BU JOKO', '-', '-', '2015-09-06 18:15:05', '0000-00-00 00:00:00', '0000-00-00 00:00:00');
INSERT INTO `tb_pelanggan` VALUES ('5033', 'HJ ROSINA', '-', '-', '2015-09-06 18:43:56', '0000-00-00 00:00:00', '0000-00-00 00:00:00');
INSERT INTO `tb_pelanggan` VALUES ('5034', 'Dior', '', '', '2015-11-21 18:42:38', '0000-00-00 00:00:00', '0000-00-00 00:00:00');
INSERT INTO `tb_pelanggan` VALUES ('5035', 'Beni', '', '', '2015-11-21 18:41:12', '0000-00-00 00:00:00', '0000-00-00 00:00:00');

-- ----------------------------
-- Table structure for tb_pemesanan
-- ----------------------------
DROP TABLE IF EXISTS `tb_pemesanan`;
CREATE TABLE `tb_pemesanan` (
  `id_pemesanan` varchar(4) NOT NULL,
  `id_pelanggan` varchar(4) NOT NULL,
  `id_paket` int(14) NOT NULL,
  `id_kelompok` int(14) NOT NULL,
  `kd_buku` varchar(6) NOT NULL,
  `adm` varchar(15) NOT NULL,
  `harga` varchar(15) NOT NULL,
  `keterangan` text NOT NULL,
  `tgl_pesan` datetime NOT NULL,
  `status` enum('LUNAS','BELUM','TIDAK AKTIF') NOT NULL,
  `create_at` datetime NOT NULL,
  `update_at` datetime NOT NULL,
  PRIMARY KEY (`id_pemesanan`)
) ENGINE=MyISAM DEFAULT CHARSET=latin1;

-- ----------------------------
-- Records of tb_pemesanan
-- ----------------------------
INSERT INTO `tb_pemesanan` VALUES ('4501', '4501', '24', '1', '881134', '40000', '2000', '', '2015-07-31 00:39:34', 'LUNAS', '0000-00-00 00:00:00', '0000-00-00 00:00:00');
INSERT INTO `tb_pemesanan` VALUES ('4502', '4502', '24', '1', '128357', '40000', '2000', '', '2015-07-31 00:39:40', 'BELUM', '0000-00-00 00:00:00', '0000-00-00 00:00:00');
INSERT INTO `tb_pemesanan` VALUES ('4503', '4503', '24', '1', '996949', '40000', '2000', '', '2015-07-31 00:39:44', 'BELUM', '0000-00-00 00:00:00', '0000-00-00 00:00:00');
INSERT INTO `tb_pemesanan` VALUES ('4504', '4504', '15', '1', '542786', '40000', '2000', 'BERAS DIGANTI MONDE', '2015-07-31 00:39:44', 'BELUM', '0000-00-00 00:00:00', '0000-00-00 00:00:00');
INSERT INTO `tb_pemesanan` VALUES ('4505', '4505', '1', '1', '949463', '30000', '1500', '', '2015-07-31 00:39:44', 'BELUM', '0000-00-00 00:00:00', '0000-00-00 00:00:00');
INSERT INTO `tb_pemesanan` VALUES ('4506', '4506', '6', '1', '522919', '30000', '1500', '', '2015-07-31 00:39:44', 'BELUM', '0000-00-00 00:00:00', '0000-00-00 00:00:00');
INSERT INTO `tb_pemesanan` VALUES ('4507', '4507', '12', '1', '100000', '30000', '1500', '', '2015-07-31 00:39:44', 'LUNAS', '0000-00-00 00:00:00', '0000-00-00 00:00:00');
INSERT INTO `tb_pemesanan` VALUES ('4508', '4508', '23', '1', '242523', '40000', '2000', '-', '2015-08-03 18:48:29', 'BELUM', '0000-00-00 00:00:00', '0000-00-00 00:00:00');
INSERT INTO `tb_pemesanan` VALUES ('4509', '4509', '24', '1', '494324', '40000', '2000', '-', '2015-08-23 18:06:23', 'BELUM', '0000-00-00 00:00:00', '0000-00-00 00:00:00');
INSERT INTO `tb_pemesanan` VALUES ('5001', '5001', '31', '1', '875031', '40000', '5000', '', '2015-07-31 00:39:44', 'BELUM', '0000-00-00 00:00:00', '0000-00-00 00:00:00');
INSERT INTO `tb_pemesanan` VALUES ('5002', '5002', '31', '1', '257049', '20000', '5000', '', '2015-07-31 00:39:44', 'BELUM', '0000-00-00 00:00:00', '0000-00-00 00:00:00');
INSERT INTO `tb_pemesanan` VALUES ('5003', '5003', '31', '1', '936890', '40000', '5000', '', '2015-07-31 00:39:44', 'BELUM', '0000-00-00 00:00:00', '0000-00-00 00:00:00');
INSERT INTO `tb_pemesanan` VALUES ('5004', '5004', '40', '1', '486633', '150000', '30000', '', '2015-07-31 00:39:44', 'BELUM', '0000-00-00 00:00:00', '0000-00-00 00:00:00');
INSERT INTO `tb_pemesanan` VALUES ('5005', '5005', '29', '1', '303467', '40000', '4000', '', '2015-07-31 00:39:44', 'BELUM', '0000-00-00 00:00:00', '0000-00-00 00:00:00');
INSERT INTO `tb_pemesanan` VALUES ('5006', '5006', '29', '1', '914734', '20000', '3000', '', '2015-07-31 00:39:44', 'BELUM', '0000-00-00 00:00:00', '0000-00-00 00:00:00');
INSERT INTO `tb_pemesanan` VALUES ('5007', '5007', '31', '1', '691529', '40000', '5000', '', '2015-07-31 00:39:44', 'BELUM', '0000-00-00 00:00:00', '0000-00-00 00:00:00');
INSERT INTO `tb_pemesanan` VALUES ('5008', '5008', '31', '1', '785248', '40000', '5000', '', '2015-07-31 00:39:44', 'BELUM', '0000-00-00 00:00:00', '0000-00-00 00:00:00');
INSERT INTO `tb_pemesanan` VALUES ('5009', '5009', '31', '1', '598694', '40000', '5000', '', '2015-07-31 00:39:44', 'BELUM', '0000-00-00 00:00:00', '0000-00-00 00:00:00');
INSERT INTO `tb_pemesanan` VALUES ('5010', '5010', '29', '1', '944825', '20000', '3000', '', '2015-07-31 00:39:44', 'BELUM', '0000-00-00 00:00:00', '0000-00-00 00:00:00');
INSERT INTO `tb_pemesanan` VALUES ('5011', '5011', '29', '1', '132263', '20000', '3000', '', '2015-07-31 00:39:44', 'BELUM', '0000-00-00 00:00:00', '0000-00-00 00:00:00');
INSERT INTO `tb_pemesanan` VALUES ('5012', '5012', '29', '1', '407104', '20000', '3000', '', '2015-07-31 00:39:44', 'BELUM', '0000-00-00 00:00:00', '0000-00-00 00:00:00');
INSERT INTO `tb_pemesanan` VALUES ('5013', '5013', '31', '1', '609192', '40000', '5000', '', '2015-07-31 00:39:44', 'BELUM', '0000-00-00 00:00:00', '0000-00-00 00:00:00');
INSERT INTO `tb_pemesanan` VALUES ('5014', '5014', '31', '1', '236114', '40000', '5000', '', '2015-07-31 00:39:44', 'BELUM', '0000-00-00 00:00:00', '0000-00-00 00:00:00');
INSERT INTO `tb_pemesanan` VALUES ('5015', '5015', '36', '1', '545868', '60000', '10000', '', '2015-07-31 00:39:44', 'BELUM', '0000-00-00 00:00:00', '0000-00-00 00:00:00');
INSERT INTO `tb_pemesanan` VALUES ('5016', '5016', '32', '1', '788727', '40000', '6000', '', '2015-07-31 00:39:44', 'BELUM', '0000-00-00 00:00:00', '0000-00-00 00:00:00');
INSERT INTO `tb_pemesanan` VALUES ('5017', '5017', '36', '1', '922120', '60000', '10000', '', '2015-07-31 00:39:44', 'BELUM', '0000-00-00 00:00:00', '0000-00-00 00:00:00');
INSERT INTO `tb_pemesanan` VALUES ('5018', '5018', '29', '1', '757660', '20000', '3000', '', '2015-07-31 00:39:44', 'BELUM', '0000-00-00 00:00:00', '0000-00-00 00:00:00');
INSERT INTO `tb_pemesanan` VALUES ('5019', '5019', '31', '1', '714386', '40000', '5000', '', '2015-07-31 00:39:44', 'BELUM', '0000-00-00 00:00:00', '0000-00-00 00:00:00');
INSERT INTO `tb_pemesanan` VALUES ('5020', '5020', '31', '1', '623230', '40000', '5000', '', '2015-07-31 00:39:44', 'BELUM', '0000-00-00 00:00:00', '0000-00-00 00:00:00');
INSERT INTO `tb_pemesanan` VALUES ('5021', '5021', '31', '1', '139373', '40000', '5000', '', '2015-07-31 00:39:44', 'BELUM', '0000-00-00 00:00:00', '0000-00-00 00:00:00');
INSERT INTO `tb_pemesanan` VALUES ('5022', '5022', '38', '1', '481842', '100000', '20000', '-', '2015-08-03 01:06:31', 'BELUM', '0000-00-00 00:00:00', '0000-00-00 00:00:00');
INSERT INTO `tb_pemesanan` VALUES ('5023', '5023', '31', '1', '833618', '40000', '5000', '-', '2015-08-03 01:09:31', 'BELUM', '0000-00-00 00:00:00', '0000-00-00 00:00:00');
INSERT INTO `tb_pemesanan` VALUES ('5024', '5024', '31', '1', '909760', '40000', '5000', '-', '2015-08-03 01:10:13', 'BELUM', '0000-00-00 00:00:00', '0000-00-00 00:00:00');
INSERT INTO `tb_pemesanan` VALUES ('5025', '5025', '31', '1', '787567', '40000', '5000', '-', '2015-08-05 01:13:16', 'BELUM', '0000-00-00 00:00:00', '0000-00-00 00:00:00');
INSERT INTO `tb_pemesanan` VALUES ('5026', '5026', '36', '1', '268127', '60000', '10000', '-', '2015-08-05 01:13:46', 'BELUM', '0000-00-00 00:00:00', '0000-00-00 00:00:00');
INSERT INTO `tb_pemesanan` VALUES ('5027', '5027', '36', '1', '985352', '60000', '10000', '-', '2015-08-09 20:54:04', 'BELUM', '0000-00-00 00:00:00', '0000-00-00 00:00:00');
INSERT INTO `tb_pemesanan` VALUES ('5028', '5028', '29', '1', '137634', '20000', '3000', '-', '2015-08-09 20:58:13', 'BELUM', '0000-00-00 00:00:00', '0000-00-00 00:00:00');
INSERT INTO `tb_pemesanan` VALUES ('5029', '5029', '31', '1', '721070', '40000', '5000', '-', '2015-08-09 21:00:56', 'BELUM', '0000-00-00 00:00:00', '0000-00-00 00:00:00');
INSERT INTO `tb_pemesanan` VALUES ('5030', '5030', '32', '1', '325500', '40000', '6000', '-', '2015-08-17 17:39:41', 'BELUM', '0000-00-00 00:00:00', '0000-00-00 00:00:00');
INSERT INTO `tb_pemesanan` VALUES ('5031', '5031', '28', '1', '884522', '20000', '2000', '-', '2015-09-02 18:12:25', 'BELUM', '0000-00-00 00:00:00', '0000-00-00 00:00:00');
INSERT INTO `tb_pemesanan` VALUES ('5032', '5032', '28', '1', '425476', '20000', '2000', '-', '2015-09-06 18:15:06', 'BELUM', '0000-00-00 00:00:00', '0000-00-00 00:00:00');
INSERT INTO `tb_pemesanan` VALUES ('5033', '5033', '31', '1', '819458', '40000', '5000', '-', '2015-09-06 18:43:56', 'BELUM', '0000-00-00 00:00:00', '0000-00-00 00:00:00');
INSERT INTO `tb_pemesanan` VALUES ('5034', '5034', '38', '1', '421997', '100000', '20000', '', '2015-11-21 18:40:42', 'BELUM', '0000-00-00 00:00:00', '0000-00-00 00:00:00');
INSERT INTO `tb_pemesanan` VALUES ('5035', '5035', '38', '1', '811920', '100000', '20000', '', '2015-11-21 18:41:12', 'BELUM', '0000-00-00 00:00:00', '0000-00-00 00:00:00');

-- ----------------------------
-- Table structure for tb_user
-- ----------------------------
DROP TABLE IF EXISTS `tb_user`;
CREATE TABLE `tb_user` (
  `id_user` int(14) NOT NULL AUTO_INCREMENT,
  `username` varchar(20) NOT NULL,
  `password` varchar(255) NOT NULL,
  `nama_user` varchar(50) NOT NULL,
  `foto` varchar(255) NOT NULL,
  PRIMARY KEY (`id_user`)
) ENGINE=MyISAM AUTO_INCREMENT=6 DEFAULT CHARSET=latin1;

-- ----------------------------
-- Records of tb_user
-- ----------------------------
INSERT INTO `tb_user` VALUES ('1', 'admin', 'cd8ebac55574c01926f32c9774f914b5c351b423', 'Administrator', 'user.png');
INSERT INTO `tb_user` VALUES ('2', 'luqman', 'cd8ebac55574c01926f32c9774f914b5c351b423', 'Luqman Hakim Nadzari', 'luqman.jpg');
INSERT INTO `tb_user` VALUES ('3', 'subagio', 'cd8ebac55574c01926f32c9774f914b5c351b423', 'Subagio Muhajilin', 'user.png');
INSERT INTO `tb_user` VALUES ('4', 'sulis', 'cd8ebac55574c01926f32c9774f914b5c351b423', 'Sulistiowati', 'user.png');
INSERT INTO `tb_user` VALUES ('5', 'rina', 'cd8ebac55574c01926f32c9774f914b5c351b423', 'Rina', 'user.png');
