
-- phpMyAdmin SQL Dump
-- version 3.5.2.2
-- http://www.phpmyadmin.net
--
-- Inang: localhost
-- Waktu pembuatan: 08 Nov 2015 pada 14.04
-- Versi Server: 10.0.20-MariaDB
-- Versi PHP: 5.2.17

SET SQL_MODE="NO_AUTO_VALUE_ON_ZERO";
SET time_zone = "+00:00";


/*!40101 SET @OLD_CHARACTER_SET_CLIENT=@@CHARACTER_SET_CLIENT */;
/*!40101 SET @OLD_CHARACTER_SET_RESULTS=@@CHARACTER_SET_RESULTS */;
/*!40101 SET @OLD_COLLATION_CONNECTION=@@COLLATION_CONNECTION */;
/*!40101 SET NAMES utf8 */;

--
-- Basis data: `u373450688_pkt`
--

-- --------------------------------------------------------

--
-- Struktur dari tabel `tb_angsuran`
--

CREATE TABLE IF NOT EXISTS `tb_angsuran` (
  `no_ang` int(100) NOT NULL AUTO_INCREMENT,
  `id_user` int(14) NOT NULL,
  `id_pemesanan` varchar(4) NOT NULL,
  `id_pelanggan` varchar(4) NOT NULL,
  `tgl_awal` date NOT NULL,
  `tgl_akhir` date NOT NULL,
  `jml_hari` varchar(15) NOT NULL,
  `item_id` int(100) NOT NULL,
  `tgl_angsuran` date NOT NULL,
  PRIMARY KEY (`no_ang`,`id_pemesanan`,`item_id`)
) ENGINE=MyISAM  DEFAULT CHARSET=latin1 AUTO_INCREMENT=421 ;

--
-- Dumping data untuk tabel `tb_angsuran`
--

INSERT INTO `tb_angsuran` (`no_ang`, `id_user`, `id_pemesanan`, `id_pelanggan`, `tgl_awal`, `tgl_akhir`, `jml_hari`, `item_id`, `tgl_angsuran`) VALUES
(1, 2, '5010', '5010', '2015-07-25', '2015-07-31', '7', 0, '2015-07-26'),
(2, 2, '5016', '5016', '2015-07-25', '2015-07-25', '1', 0, '2015-07-25'),
(3, 2, '5016', '5016', '2015-07-26', '2015-07-28', '3', 0, '2015-07-26'),
(4, 2, '5016', '5016', '2015-07-29', '2015-07-31', '3', 0, '2015-07-30'),
(5, 2, '4501', '4501', '2015-07-25', '2015-07-31', '7', 0, '2015-07-25'),
(6, 2, '5003', '5003', '2015-07-25', '2015-07-31', '7', 0, '2015-07-25'),
(7, 2, '5004', '5004', '2015-07-25', '2015-07-31', '7', 0, '2015-07-25'),
(8, 2, '5010', '5010', '2015-08-01', '2015-08-07', '7', 0, '2015-07-31'),
(9, 2, '5003', '5003', '2015-08-02', '2015-08-02', '1', 0, '2015-08-02'),
(10, 2, '5004', '5004', '2015-08-02', '2015-08-02', '1', 0, '2015-08-02'),
(11, 2, '5012', '5012', '2015-08-01', '2015-08-05', '5', 0, '2015-07-31'),
(12, 2, '5012', '5012', '2015-08-06', '2015-08-07', '2', 0, '2015-08-02'),
(13, 2, '5012', '5012', '2015-07-25', '2015-07-31', '7', 0, '2015-07-26'),
(14, 2, '4502', '4502', '2015-07-25', '2015-07-31', '7', 0, '2015-07-25'),
(15, 2, '4503', '4503', '2015-07-25', '2015-07-31', '7', 0, '2015-07-25'),
(16, 2, '4504', '4504', '2015-07-25', '2015-07-31', '7', 0, '2015-07-25'),
(17, 2, '4505', '4505', '2015-07-25', '2015-07-31', '7', 0, '2015-07-25'),
(18, 2, '4506', '4506', '2015-07-25', '2015-07-31', '7', 0, '2015-07-25'),
(19, 2, '4507', '4507', '2015-07-25', '2015-07-31', '7', 0, '2015-07-25'),
(20, 2, '4502', '4502', '2015-08-01', '2015-08-16', '16', 0, '2015-07-30'),
(21, 2, '5001', '5001', '2015-07-25', '2015-07-31', '7', 0, '2015-07-25'),
(22, 2, '5002', '5002', '2015-07-25', '2015-07-31', '7', 0, '2015-07-25'),
(23, 2, '5005', '5005', '2015-07-25', '2015-07-31', '7', 0, '2015-07-25'),
(24, 2, '5005', '5005', '2015-08-01', '2015-08-07', '7', 0, '2015-08-02'),
(25, 2, '5006', '5006', '2015-07-25', '2015-07-31', '7', 0, '2015-07-25'),
(26, 2, '5007', '5007', '2015-07-25', '2015-07-31', '7', 0, '2015-07-25'),
(27, 2, '5008', '5008', '2015-07-25', '2015-07-31', '7', 0, '2015-07-25'),
(28, 2, '5009', '5009', '2015-07-25', '2015-07-31', '7', 0, '2015-07-25'),
(30, 2, '5009', '5009', '2015-08-01', '2015-08-02', '2', 0, '2015-08-01'),
(31, 2, '5011', '5011', '2015-07-25', '2015-07-31', '7', 0, '2015-07-25'),
(32, 2, '5013', '5013', '2015-07-25', '2015-07-31', '7', 0, '2015-07-25'),
(33, 2, '5014', '5014', '2015-07-25', '2015-08-01', '8', 0, '2015-07-25'),
(34, 2, '5014', '5014', '2015-08-02', '2015-08-11', '10', 0, '2015-08-02'),
(35, 2, '5015', '5015', '2015-07-25', '2015-07-31', '7', 0, '2015-07-25'),
(36, 2, '5016', '5016', '2015-08-01', '2015-08-03', '3', 0, '2015-08-02'),
(37, 2, '5017', '5017', '2015-07-25', '2015-07-30', '6', 0, '2015-07-25'),
(38, 2, '5017', '5017', '2015-07-31', '2015-08-01', '2', 0, '2015-08-01'),
(39, 2, '5018', '5018', '2015-07-25', '2015-07-27', '3', 0, '2015-07-25'),
(40, 2, '5019', '5019', '2015-07-25', '2015-09-02', '40', 0, '2015-08-24'),
(42, 2, '5020', '5020', '2015-07-25', '2015-07-31', '7', 0, '2015-07-25'),
(43, 2, '5021', '5021', '2015-07-25', '2015-07-31', '7', 0, '2015-07-25'),
(44, 2, '5021', '5021', '2015-08-01', '2015-08-31', '31', 0, '2015-07-27'),
(46, 2, '5001', '5001', '2015-08-01', '2015-08-16', '16', 0, '2015-07-30'),
(47, 2, '5002', '5002', '2015-08-01', '2015-08-02', '2', 0, '2015-08-02'),
(48, 2, '4504', '4504', '2015-08-01', '2015-08-02', '2', 0, '2015-08-02'),
(49, 2, '5022', '5022', '2015-07-25', '2015-08-03', '10', 0, '2015-08-01'),
(50, 2, '5023', '5023', '2015-07-25', '2015-08-03', '10', 0, '2015-08-01'),
(51, 2, '5024', '5024', '2015-07-25', '2015-08-02', '9', 0, '2015-08-02'),
(52, 2, '5020', '5020', '2015-08-01', '2015-08-02', '2', 0, '2015-08-03'),
(53, 2, '4507', '4507', '2015-08-01', '2016-05-19', '293', 0, '2015-08-03'),
(55, 2, '4504', '4504', '2015-08-03', '2015-08-03', '1', 0, '2015-08-03'),
(56, 2, '5002', '5002', '2015-08-03', '2015-08-03', '1', 0, '2015-08-03'),
(57, 4, '4501', '4501', '2015-08-01', '2016-05-19', '293', 0, '2015-08-03'),
(58, 4, '5015', '5015', '2015-08-01', '2015-08-31', '31', 0, '2015-08-03'),
(59, 4, '4508', '4508', '2015-07-25', '2015-07-31', '7', 0, '2015-08-03'),
(60, 2, '5017', '5017', '2015-08-02', '2015-08-03', '2', 0, '2015-08-04'),
(61, 2, '4504', '4504', '2015-08-04', '2015-08-04', '1', 0, '2015-08-04'),
(62, 2, '5002', '5002', '2015-08-04', '2015-08-04', '1', 0, '2015-08-04'),
(63, 2, '5013', '5013', '2015-08-01', '2015-08-04', '4', 0, '2015-08-03'),
(64, 2, '5009', '5009', '2015-08-03', '2015-08-05', '3', 0, '2015-08-03'),
(65, 2, '5021', '5021', '2015-09-01', '2015-09-02', '2', 0, '2015-07-27'),
(66, 2, '5021', '5021', '2015-09-03', '2015-09-03', '1', 0, '2015-08-03'),
(67, 2, '5011', '5011', '2015-08-01', '2015-08-04', '4', 0, '2015-08-03'),
(68, 2, '5025', '5025', '2015-07-25', '2015-07-31', '7', 0, '2015-08-04'),
(69, 2, '5025', '5025', '2015-08-01', '2015-08-04', '4', 0, '2015-08-04'),
(70, 2, '5026', '5026', '2015-07-25', '2015-07-31', '7', 0, '2015-08-04'),
(71, 2, '5026', '5026', '2015-08-01', '2015-08-05', '5', 0, '2015-08-05'),
(72, 2, '5003', '5003', '2015-08-03', '2015-08-05', '3', 0, '2015-08-05'),
(73, 2, '5004', '5004', '2015-08-03', '2015-08-05', '3', 0, '2015-08-05'),
(74, 2, '5020', '5020', '2015-08-03', '2015-08-04', '2', 0, '2015-08-05'),
(75, 2, '4504', '4504', '2015-08-05', '2015-08-05', '1', 0, '2015-08-05'),
(76, 2, '5002', '5002', '2015-08-05', '2015-08-05', '1', 0, '2015-08-05'),
(77, 2, '5016', '5016', '2015-08-04', '2015-08-07', '4', 0, '2015-08-05'),
(78, 2, '5009', '5009', '2015-08-06', '2015-08-09', '4', 0, '2015-08-05'),
(79, 2, '5023', '5023', '2015-08-04', '2015-08-05', '2', 0, '2015-08-05'),
(80, 2, '5017', '5017', '2015-08-04', '2015-08-05', '2', 0, '2015-08-05'),
(81, 2, '5022', '5022', '2015-08-04', '2015-08-05', '2', 0, '2015-08-05'),
(82, 2, '5025', '5025', '2015-08-05', '2015-08-05', '1', 0, '2015-08-05'),
(83, 2, '5022', '5022', '2015-08-06', '2015-08-06', '1', 0, '2015-08-05'),
(84, 2, '5020', '5020', '2015-08-05', '2015-08-06', '2', 0, '2015-08-06'),
(85, 2, '5004', '5004', '2015-08-01', '2015-08-01', '1', 0, '2015-08-01'),
(86, 2, '5003', '5003', '2015-08-01', '2015-08-01', '1', 0, '2015-08-01'),
(87, 2, '4504', '4504', '2015-08-06', '2015-08-07', '2', 0, '2015-08-07'),
(88, 2, '5002', '5002', '2015-08-06', '2015-08-07', '2', 0, '2015-08-07'),
(89, 2, '5018', '5018', '2015-07-28', '2015-08-12', '16', 0, '2015-08-07'),
(90, 4, '5004', '5004', '2015-08-06', '2015-08-08', '3', 0, '2015-08-07'),
(91, 4, '5003', '5003', '2015-08-06', '2015-08-08', '3', 0, '2015-08-07'),
(92, 4, '5017', '5017', '2015-08-06', '2015-08-07', '2', 0, '2015-08-07'),
(93, 2, '5016', '5016', '2015-08-08', '2015-08-10', '3', 0, '2015-08-08'),
(94, 2, '5020', '5020', '2015-08-07', '2015-08-09', '3', 0, '2015-08-08'),
(95, 2, '5017', '5017', '2015-08-08', '2015-08-08', '1', 0, '2015-08-08'),
(96, 4, '5006', '5006', '2015-08-01', '2015-08-10', '10', 0, '2015-08-08'),
(97, 4, '5027', '5027', '2015-07-25', '2015-08-13', '20', 0, '2015-08-09'),
(98, 4, '4505', '4505', '2015-08-01', '2015-08-31', '31', 0, '2015-08-09'),
(99, 4, '5022', '5022', '2015-08-07', '2015-08-11', '5', 0, '2015-08-09'),
(100, 4, '4506', '4506', '2015-08-01', '2015-08-16', '16', 0, '2015-08-09'),
(101, 4, '5008', '5008', '2015-08-01', '2015-08-10', '10', 0, '2015-08-09'),
(102, 4, '5004', '5004', '2015-08-09', '2015-08-11', '3', 0, '2015-08-09'),
(103, 4, '5003', '5003', '2015-08-09', '2015-08-09', '1', 0, '2015-08-09'),
(104, 4, '5028', '5028', '2015-07-25', '2015-08-10', '17', 0, '2015-08-09'),
(105, 4, '5017', '5017', '2015-08-09', '2015-08-09', '1', 0, '2015-08-09'),
(106, 4, '5009', '5009', '2015-08-10', '2015-08-13', '4', 0, '2015-08-09'),
(107, 4, '5007', '5007', '2015-08-01', '2015-08-16', '16', 0, '2015-08-09'),
(108, 4, '5029', '5029', '2015-07-25', '2015-08-03', '10', 0, '2015-08-09'),
(109, 4, '5025', '5025', '2015-08-06', '2015-08-11', '6', 0, '2015-08-09'),
(110, 4, '5002', '5002', '2015-08-08', '2015-08-09', '2', 0, '2015-08-09'),
(111, 4, '4504', '4504', '2015-08-08', '2015-08-09', '2', 0, '2015-08-09'),
(112, 2, '5020', '5020', '2015-08-10', '2015-08-11', '2', 0, '2015-08-10'),
(113, 2, '5017', '5017', '2015-08-10', '2015-08-10', '1', 0, '2015-08-10'),
(114, 2, '5028', '5028', '2015-08-11', '2015-08-11', '1', 0, '2015-08-11'),
(115, 2, '5003', '5003', '2015-08-10', '2015-08-11', '2', 0, '2015-08-11'),
(116, 2, '4504', '4504', '2015-08-10', '2015-08-11', '2', 0, '2015-08-11'),
(117, 2, '5002', '5002', '2015-08-10', '2015-08-11', '2', 0, '2015-08-11'),
(118, 2, '5016', '5016', '2015-08-11', '2015-08-14', '4', 0, '2015-08-11'),
(119, 2, '5028', '5028', '2015-08-12', '2015-08-13', '2', 0, '2015-08-12'),
(120, 2, '5003', '5003', '2015-08-12', '2015-08-12', '1', 0, '2015-08-12'),
(121, 2, '5004', '5004', '2015-08-12', '2015-08-12', '1', 0, '2015-08-12'),
(122, 2, '4504', '4504', '2015-08-12', '2015-08-12', '1', 0, '2015-08-12'),
(123, 2, '5002', '5002', '2015-08-12', '2015-08-12', '1', 0, '2015-08-12'),
(124, 2, '4504', '4504', '2015-08-13', '2015-08-13', '1', 0, '2015-08-13'),
(125, 2, '5002', '5002', '2015-08-13', '2015-08-13', '1', 0, '2015-08-13'),
(126, 2, '5009', '5009', '2015-08-14', '2015-08-23', '10', 0, '2015-08-13'),
(127, 2, '4504', '4504', '2015-08-14', '2015-08-14', '1', 0, '2015-08-14'),
(128, 2, '5002', '5002', '2015-08-14', '2015-08-14', '1', 0, '2015-08-14'),
(129, 2, '5024', '5024', '2015-08-03', '2015-08-14', '12', 0, '2015-08-14'),
(130, 2, '5020', '5020', '2015-08-12', '2015-08-15', '4', 0, '2015-08-14'),
(131, 2, '5003', '5003', '2015-08-13', '2015-08-14', '2', 0, '2015-08-14'),
(132, 2, '5028', '5028', '2015-08-14', '2015-08-14', '1', 0, '2015-08-14'),
(133, 2, '5004', '5004', '2015-08-13', '2015-08-14', '2', 0, '2015-08-14'),
(134, 2, '4503', '4503', '2015-08-01', '2015-08-03', '3', 0, '2015-08-01'),
(135, 2, '4503', '4503', '2015-08-04', '2015-08-18', '15', 0, '2015-08-14'),
(136, 2, '5016', '5016', '2015-08-15', '2015-08-18', '4', 0, '2015-08-15'),
(137, 2, '5002', '5002', '2015-08-15', '2015-08-15', '1', 0, '2015-08-15'),
(138, 2, '4504', '4504', '2015-08-15', '2015-08-15', '1', 0, '2015-08-15'),
(139, 2, '5012', '5012', '2015-08-08', '2015-08-14', '7', 0, '2015-08-15'),
(140, 2, '5017', '5017', '2015-08-11', '2015-08-15', '5', 0, '2015-08-16'),
(141, 2, '5006', '5006', '2015-08-11', '2015-08-15', '5', 0, '2015-08-16'),
(142, 2, '5025', '5025', '2015-08-12', '2015-08-17', '6', 0, '2015-08-16'),
(143, 2, '5022', '5022', '2015-08-12', '2015-08-16', '5', 0, '2015-08-16'),
(144, 2, '5023', '5023', '2015-08-06', '2015-08-15', '10', 0, '2015-08-16'),
(145, 2, '5014', '5014', '2015-08-12', '2015-08-21', '10', 0, '2015-08-16'),
(146, 2, '5027', '5027', '2015-08-14', '2015-08-18', '5', 0, '2015-08-16'),
(147, 2, '5004', '5004', '2015-08-15', '2015-08-17', '3', 0, '2015-08-17'),
(148, 2, '5003', '5003', '2015-08-15', '2015-08-15', '1', 0, '2015-08-17'),
(149, 2, '5028', '5028', '2015-08-15', '2015-08-15', '1', 0, '2015-08-17'),
(150, 2, '5005', '5005', '2015-08-08', '2015-08-14', '7', 0, '2015-08-17'),
(151, 2, '5030', '5030', '2015-07-25', '2015-08-17', '24', 0, '2015-08-17'),
(152, 2, '5020', '5020', '2015-08-16', '2015-08-18', '3', 0, '2015-08-18'),
(153, 2, '5004', '5004', '2015-08-18', '2015-08-18', '1', 0, '2015-08-18'),
(154, 2, '5003', '5003', '2015-08-16', '2015-08-16', '1', 0, '2015-08-18'),
(155, 2, '5002', '5002', '2015-08-16', '2015-08-17', '2', 0, '2015-08-18'),
(156, 2, '4504', '4504', '2015-08-16', '2015-08-17', '2', 0, '2015-08-18'),
(157, 2, '5028', '5028', '2015-08-16', '2015-08-16', '1', 0, '2015-08-18'),
(158, 2, '5028', '5028', '2015-08-17', '2015-08-19', '3', 0, '2015-08-19'),
(159, 2, '5003', '5003', '2015-08-17', '2015-08-18', '2', 0, '2015-08-19'),
(160, 2, '5004', '5004', '2015-08-19', '2015-08-19', '1', 0, '2015-08-19'),
(161, 2, '5017', '5017', '2015-08-16', '2015-08-18', '3', 0, '2015-08-19'),
(162, 2, '4504', '4504', '2015-08-18', '2015-08-19', '2', 0, '2015-08-20'),
(163, 2, '5002', '5002', '2015-08-18', '2015-08-19', '2', 0, '2015-08-20'),
(164, 2, '4506', '4506', '2015-08-17', '2015-08-31', '15', 0, '2015-08-22'),
(165, 2, '5020', '5020', '2015-08-19', '2015-08-21', '3', 0, '2015-08-22'),
(166, 2, '5028', '5028', '2015-08-20', '2015-08-22', '3', 0, '2015-08-22'),
(167, 2, '5003', '5003', '2015-08-19', '2015-08-22', '4', 0, '2015-08-22'),
(168, 2, '5016', '5016', '2015-08-19', '2015-08-23', '5', 0, '2015-08-22'),
(169, 2, '5030', '5030', '2015-08-18', '2015-08-22', '5', 0, '2015-08-22'),
(170, 2, '5024', '5024', '2015-08-15', '2015-09-03', '20', 0, '2015-08-22'),
(171, 4, '5009', '5009', '2015-08-24', '2015-08-27', '4', 0, '2015-08-23'),
(172, 4, '5029', '5029', '2015-08-04', '2015-08-13', '10', 0, '2015-08-23'),
(173, 4, '4509', '4509', '2015-07-25', '2015-08-16', '23', 0, '2015-08-22'),
(174, 2, '5004', '5004', '2015-08-20', '2015-08-22', '3', 0, '2015-08-24'),
(175, 2, '5003', '5003', '2015-08-23', '2015-08-24', '2', 0, '2015-08-24'),
(176, 2, '5028', '5028', '2015-08-23', '2015-08-24', '2', 0, '2015-08-24'),
(177, 2, '4504', '4504', '2015-08-20', '2015-08-21', '2', 0, '2015-08-24'),
(178, 2, '5002', '5002', '2015-08-20', '2015-08-21', '2', 0, '2015-08-24'),
(179, 2, '5020', '5020', '2015-08-22', '2015-08-24', '3', 0, '2015-08-24'),
(180, 2, '5005', '5005', '2015-08-15', '2015-08-24', '10', 0, '2015-08-25'),
(181, 2, '5026', '5026', '2015-08-06', '2015-08-15', '10', 0, '2015-08-25'),
(182, 2, '4503', '4503', '2015-08-19', '2015-09-02', '15', 0, '2015-08-26'),
(183, 2, '4504', '4504', '2015-08-22', '2015-08-24', '3', 0, '2015-08-26'),
(184, 2, '5002', '5002', '2015-08-22', '2015-08-24', '3', 0, '2015-08-26'),
(185, 2, '5004', '5004', '2015-08-23', '2015-08-23', '1', 0, '2015-08-26'),
(186, 2, '5003', '5003', '2015-08-25', '2015-08-26', '2', 0, '2015-08-26'),
(187, 2, '5028', '5028', '2015-08-25', '2015-08-26', '2', 0, '2015-08-26'),
(188, 2, '5027', '5027', '2015-08-19', '2015-08-28', '10', 0, '2015-08-26'),
(189, 2, '5023', '5023', '2015-08-16', '2015-08-25', '10', 0, '2015-08-26'),
(190, 2, '5022', '5022', '2015-08-17', '2015-08-26', '10', 0, '2015-08-26'),
(191, 2, '5004', '5004', '2015-08-24', '2015-08-25', '2', 0, '2015-08-27'),
(192, 2, '5028', '5028', '2015-08-27', '2015-08-27', '1', 0, '2015-08-27'),
(193, 2, '5003', '5003', '2015-08-27', '2015-08-27', '1', 0, '2015-08-27'),
(194, 2, '5006', '5006', '2015-08-16', '2015-08-31', '16', 0, '2015-08-27'),
(195, 2, '5020', '5020', '2015-08-25', '2015-08-29', '5', 0, '2015-08-28'),
(196, 2, '5030', '5030', '2015-08-23', '2015-08-27', '5', 0, '2015-08-28'),
(197, 2, '5004', '5004', '2015-08-26', '2015-08-26', '1', 0, '2015-08-28'),
(198, 2, '5003', '5003', '2015-08-28', '2015-08-28', '1', 0, '2015-08-28'),
(199, 2, '5028', '5028', '2015-08-28', '2015-08-28', '1', 0, '2015-08-28'),
(200, 2, '5004', '5004', '2015-08-27', '2015-08-28', '2', 0, '2015-08-29'),
(201, 2, '5003', '5003', '2015-08-29', '2015-08-29', '1', 0, '2015-08-29'),
(202, 2, '5028', '5028', '2015-08-29', '2015-08-29', '1', 0, '2015-08-29'),
(203, 2, '5002', '5002', '2015-08-25', '2015-08-29', '5', 0, '2015-08-29'),
(204, 2, '4504', '4504', '2015-08-25', '2015-08-29', '5', 0, '2015-08-29'),
(205, 2, '5009', '5009', '2015-08-28', '2015-08-31', '4', 0, '2015-08-29'),
(206, 2, '5013', '5013', '2015-08-05', '2015-08-31', '27', 0, '2015-08-29'),
(207, 2, '5016', '5016', '2015-08-24', '2015-08-30', '7', 0, '2015-08-29'),
(208, 2, '5014', '5014', '2015-08-22', '2015-09-10', '20', 0, '2015-08-29'),
(209, 2, '5008', '5008', '2015-08-11', '2015-08-30', '20', 0, '2015-08-29'),
(210, 2, '5004', '5004', '2015-08-29', '2015-08-30', '2', 0, '2015-08-30'),
(211, 2, '5003', '5003', '2015-08-30', '2015-08-31', '2', 0, '2015-08-30'),
(212, 2, '5028', '5028', '2015-08-30', '2015-08-31', '2', 0, '2015-08-30'),
(213, 2, '5002', '5002', '2015-08-30', '2015-08-31', '2', 0, '2015-08-31'),
(214, 2, '4504', '4504', '2015-08-30', '2015-08-31', '2', 0, '2015-08-31'),
(215, 2, '4504', '4504', '2015-09-01', '2015-09-02', '2', 0, '2015-09-02'),
(216, 2, '5002', '5002', '2015-09-01', '2015-09-02', '2', 0, '2015-09-02'),
(217, 2, '5004', '5004', '2015-08-31', '2015-08-31', '1', 0, '2015-09-02'),
(218, 2, '5003', '5003', '2015-09-01', '2015-09-02', '2', 0, '2015-09-02'),
(219, 2, '5031', '5031', '2015-09-01', '2015-09-02', '2', 0, '2015-09-02'),
(220, 2, '5028', '5028', '2015-09-01', '2015-09-02', '2', 0, '2015-09-02'),
(221, 2, '5015', '5015', '2015-09-01', '2015-09-30', '30', 0, '2015-09-02'),
(222, 2, '5014', '5014', '2015-09-11', '2015-09-20', '10', 0, '2015-09-05'),
(223, 2, '5017', '5017', '2015-08-19', '2015-09-07', '20', 0, '2015-09-06'),
(224, 2, '5020', '5020', '2015-08-30', '2015-09-02', '4', 0, '2015-09-04'),
(225, 2, '4504', '4504', '2015-09-03', '2015-09-04', '2', 0, '2015-09-04'),
(226, 2, '5002', '5002', '2015-09-03', '2015-09-04', '2', 0, '2015-09-04'),
(227, 2, '5002', '5002', '2015-09-05', '2015-09-05', '1', 0, '2015-09-05'),
(228, 2, '4504', '4504', '2015-09-05', '2015-09-05', '1', 0, '2015-09-05'),
(229, 2, '5009', '5009', '2015-09-01', '2015-09-07', '7', 0, '2015-09-05'),
(230, 2, '5012', '5012', '2015-08-15', '2015-09-04', '21', 0, '2015-09-05'),
(231, 2, '5013', '5013', '2015-09-01', '2015-09-07', '7', 0, '2015-09-05'),
(232, 2, '5007', '5007', '2015-08-17', '2015-09-15', '30', 0, '2015-09-05'),
(233, 2, '4505', '4505', '2015-09-01', '2015-09-30', '30', 0, '2015-09-05'),
(234, 2, '4503', '4503', '2015-09-03', '2015-09-27', '25', 0, '2015-09-05'),
(235, 2, '4502', '4502', '2015-08-17', '2015-09-05', '20', 0, '2015-09-05'),
(236, 2, '5001', '5001', '2015-08-17', '2015-08-28', '12', 0, '2015-09-05'),
(237, 2, '5021', '5021', '2015-09-04', '2015-09-06', '3', 0, '2015-09-05'),
(238, 2, '5010', '5010', '2015-08-08', '2015-08-10', '3', 0, '2015-09-05'),
(239, 2, '5011', '5011', '2015-08-05', '2015-08-07', '3', 0, '2015-09-05'),
(240, 2, '5029', '5029', '2015-08-14', '2015-08-23', '10', 0, '2015-09-05'),
(242, 2, '5006', '5006', '2015-09-01', '2015-09-14', '14', 0, '2015-09-05'),
(243, 2, '5019', '5019', '2015-09-03', '2015-09-06', '4', 0, '2015-09-05'),
(244, 2, '5003', '5003', '2015-09-03', '2015-09-06', '4', 0, '2015-09-06'),
(245, 2, '5028', '5028', '2015-09-03', '2015-09-06', '4', 0, '2015-09-06'),
(246, 2, '5031', '5031', '2015-09-03', '2015-09-06', '4', 0, '2015-09-06'),
(247, 2, '5032', '5032', '2015-07-25', '2015-09-22', '60', 0, '2015-09-04'),
(248, 2, '5032', '5032', '2015-09-23', '2015-10-17', '25', 0, '2015-09-06'),
(249, 2, '5006', '5006', '2015-09-15', '2015-09-24', '10', 0, '2015-09-06'),
(250, 2, '4506', '4506', '2015-09-01', '2015-10-03', '33', 0, '2015-09-06'),
(251, 2, '5026', '5026', '2015-08-16', '2015-08-25', '10', 0, '2015-09-06'),
(252, 2, '5033', '5033', '2015-07-25', '2015-08-10', '17', 0, '2015-09-06'),
(253, 2, '5005', '5005', '2015-08-25', '2015-09-03', '10', 0, '2015-09-06'),
(254, 2, '4504', '4504', '2015-09-06', '2015-09-07', '2', 0, '2015-09-07'),
(255, 2, '5002', '5002', '2015-09-06', '2015-09-07', '2', 0, '2015-09-07'),
(256, 2, '5018', '5018', '2015-08-13', '2015-08-29', '17', 0, '2015-09-07'),
(257, 2, '5020', '5020', '2015-09-03', '2015-09-04', '2', 0, '2015-09-08'),
(258, 2, '5017', '5017', '2015-09-08', '2015-09-08', '1', 0, '2015-09-08'),
(259, 2, '4504', '4504', '2015-09-08', '2015-09-08', '1', 0, '2015-09-08'),
(260, 2, '5002', '5002', '2015-09-08', '2015-09-08', '1', 0, '2015-09-08'),
(261, 2, '5012', '5012', '2015-09-05', '2015-09-20', '16', 0, '2015-09-08'),
(262, 2, '5014', '5014', '2015-09-21', '2015-10-10', '20', 0, '2015-09-08'),
(263, 2, '5022', '5022', '2015-08-27', '2015-09-05', '10', 0, '2015-09-09'),
(264, 2, '5023', '5023', '2015-08-26', '2015-09-14', '20', 0, '2015-09-09'),
(265, 2, '5027', '5027', '2015-08-29', '2015-09-17', '20', 0, '2015-09-09'),
(266, 2, '5025', '5025', '2015-08-18', '2015-09-06', '20', 0, '2015-09-09'),
(267, 2, '4504', '4504', '2015-09-09', '2015-09-09', '1', 0, '2015-09-09'),
(268, 2, '5002', '5002', '2015-09-09', '2015-09-09', '1', 0, '2015-09-09'),
(269, 2, '4504', '4504', '2015-09-10', '2015-09-11', '2', 0, '2015-09-11'),
(270, 2, '5002', '5002', '2015-09-10', '2015-09-11', '2', 0, '2015-09-11'),
(271, 2, '5020', '5020', '2015-09-05', '2015-09-08', '4', 0, '2015-09-11'),
(272, 2, '5016', '5016', '2015-08-31', '2015-09-09', '10', 0, '2015-09-11'),
(273, 2, '5008', '5008', '2015-08-31', '2015-09-09', '10', 0, '2015-09-11'),
(274, 2, '5021', '5021', '2015-09-07', '2015-09-12', '6', 0, '2015-09-11'),
(275, 2, '5029', '5029', '2015-08-24', '2015-09-02', '10', 0, '2015-09-11'),
(276, 2, '4509', '4509', '2015-08-17', '2015-09-30', '45', 0, '2015-09-11'),
(277, 2, '5028', '5028', '2015-09-07', '2015-09-13', '7', 0, '2015-09-13'),
(278, 2, '5031', '5031', '2015-09-07', '2015-09-13', '7', 0, '2015-09-13'),
(279, 2, '5003', '5003', '2015-09-07', '2015-09-10', '4', 0, '2015-09-13'),
(280, 2, '4504', '4504', '2015-09-12', '2015-09-14', '3', 0, '2015-09-14'),
(281, 2, '5002', '5002', '2015-09-12', '2015-09-13', '2', 0, '2015-09-14'),
(282, 2, '5020', '5020', '2015-09-09', '2015-09-13', '5', 0, '2015-09-14'),
(283, 2, '5024', '5024', '2015-09-04', '2015-09-23', '20', 0, '2015-09-15'),
(284, 2, '4504', '4504', '2015-09-15', '2015-09-17', '3', 0, '2015-09-16'),
(285, 2, '5002', '5002', '2015-09-14', '2015-09-16', '3', 0, '2015-09-16'),
(286, 2, '4504', '4504', '2015-09-18', '2015-09-18', '1', 0, '2015-09-17'),
(287, 2, '5002', '5002', '2015-09-17', '2015-09-17', '1', 0, '2015-09-17'),
(288, 2, '4504', '4504', '2015-09-19', '2015-09-19', '1', 0, '2015-09-18'),
(289, 2, '5002', '5002', '2015-09-18', '2015-09-18', '1', 0, '2015-09-18'),
(290, 2, '5026', '5026', '2015-08-26', '2015-09-04', '10', 0, '2015-09-19'),
(291, 2, '5021', '5021', '2015-09-13', '2015-09-20', '8', 0, '2015-09-19'),
(292, 2, '5020', '5020', '2015-09-14', '2015-09-18', '5', 0, '2015-09-19'),
(293, 2, '5033', '5033', '2015-08-11', '2015-08-20', '10', 0, '2015-09-20'),
(294, 2, '5030', '5030', '2015-08-28', '2015-09-01', '5', 0, '2015-09-20'),
(295, 2, '5005', '5005', '2015-09-04', '2015-09-10', '7', 0, '2015-09-20'),
(296, 2, '4503', '4503', '2015-09-28', '2015-10-22', '25', 0, '2015-09-20'),
(297, 2, '4504', '4504', '2015-09-20', '2015-09-21', '2', 0, '2015-09-21'),
(298, 2, '5002', '5002', '2015-09-19', '2015-09-20', '2', 0, '2015-09-21'),
(299, 2, '4504', '4504', '2015-09-22', '2015-09-23', '2', 0, '2015-09-22'),
(300, 2, '5002', '5002', '2015-09-21', '2015-09-22', '2', 0, '2015-09-22'),
(301, 2, '5021', '5021', '2015-09-21', '2015-09-24', '4', 0, '2015-09-22'),
(302, 2, '5023', '5023', '2015-09-15', '2015-09-24', '10', 0, '2015-09-22'),
(303, 2, '5022', '5022', '2015-09-06', '2015-09-15', '10', 0, '2015-09-22'),
(304, 2, '5027', '5027', '2015-09-18', '2015-09-27', '10', 0, '2015-09-22'),
(305, 2, '5009', '5009', '2015-09-08', '2015-09-30', '23', 0, '2015-09-24'),
(306, 2, '5013', '5013', '2015-09-08', '2015-09-30', '23', 0, '2015-09-24'),
(307, 2, '5003', '5003', '2015-09-11', '2015-09-28', '18', 0, '2015-09-25'),
(308, 2, '4504', '4504', '2015-09-24', '2015-09-25', '2', 0, '2015-09-25'),
(309, 2, '5002', '5002', '2015-09-23', '2015-09-24', '2', 0, '2015-09-25'),
(310, 2, '5024', '5024', '2015-09-24', '2015-10-13', '20', 0, '2015-09-25'),
(311, 2, '5021', '5021', '2015-09-25', '2015-09-27', '3', 0, '2015-09-26'),
(312, 2, '5029', '5029', '2015-09-03', '2015-09-12', '10', 0, '2015-09-26'),
(313, 2, '5028', '5028', '2015-09-14', '2015-09-18', '5', 0, '2015-09-28'),
(314, 2, '4504', '4504', '2015-09-26', '2015-09-27', '2', 0, '2015-09-28'),
(315, 2, '5002', '5002', '2015-09-25', '2015-09-26', '2', 0, '2015-09-28'),
(316, 2, '5020', '5020', '2015-09-19', '2015-09-21', '3', 0, '2015-09-28'),
(317, 2, '5022', '5022', '2015-09-16', '2015-09-25', '10', 0, '2015-09-28'),
(318, 2, '5023', '5023', '2015-09-25', '2015-10-04', '10', 0, '2015-09-28'),
(319, 2, '5027', '5027', '2015-09-28', '2015-10-17', '20', 0, '2015-09-28'),
(320, 2, '5018', '5018', '2015-08-30', '2015-09-15', '17', 0, '2015-10-01'),
(321, 2, '5004', '5004', '2015-09-01', '2015-09-01', '1', 0, '2015-09-28'),
(322, 2, '4504', '4504', '2015-09-28', '2015-10-02', '5', 0, '2015-10-02'),
(323, 2, '5002', '5002', '2015-09-27', '2015-10-01', '5', 0, '2015-10-02'),
(324, 2, '5016', '5016', '2015-09-10', '2015-09-30', '21', 0, '2015-10-02'),
(325, 2, '5019', '5019', '2015-09-07', '2015-09-18', '12', 0, '2015-10-02'),
(326, 2, '5020', '5020', '2015-09-22', '2015-09-26', '5', 0, '2015-10-03'),
(327, 2, '5004', '5004', '2015-09-02', '2015-09-02', '1', 0, '2015-10-01'),
(328, 2, '5028', '5028', '2015-09-19', '2015-09-23', '5', 0, '2015-10-03'),
(329, 2, '4505', '4505', '2015-10-01', '2015-11-01', '32', 0, '2015-10-03'),
(330, 2, '5006', '5006', '2015-09-25', '2015-10-04', '10', 0, '2015-10-03'),
(331, 2, '5014', '5014', '2015-10-11', '2015-10-30', '20', 0, '2015-10-03'),
(332, 2, '5009', '5009', '2015-10-01', '2015-10-05', '5', 0, '2015-10-03'),
(333, 2, '5013', '5013', '2015-10-01', '2015-10-05', '5', 0, '2015-10-03'),
(334, 2, '5029', '5029', '2015-09-13', '2015-09-22', '10', 0, '2015-10-03'),
(335, 2, '5022', '5022', '2015-09-26', '2015-09-30', '5', 0, '2015-10-03'),
(336, 2, '5021', '5021', '2015-09-28', '2015-10-01', '4', 0, '2015-10-03'),
(337, 2, '5004', '5004', '2015-09-03', '2015-09-04', '2', 0, '2015-10-03'),
(338, 2, '5026', '5026', '2015-09-05', '2015-09-14', '10', 0, '2015-10-04'),
(339, 2, '5033', '5033', '2015-08-21', '2015-09-09', '20', 0, '2015-10-04'),
(340, 2, '5032', '5032', '2015-10-18', '2015-11-16', '30', 0, '2015-10-04'),
(341, 2, '5006', '5006', '2015-10-05', '2015-10-14', '10', 0, '2015-10-04'),
(342, 2, '5004', '5004', '2015-09-05', '2015-09-06', '2', 0, '2015-10-04'),
(343, 2, '4504', '4504', '2015-10-03', '2015-10-04', '2', 0, '2015-10-05'),
(344, 2, '5002', '5002', '2015-10-02', '2015-10-03', '2', 0, '2015-10-05'),
(345, 2, '5020', '5020', '2015-09-27', '2015-10-01', '5', 0, '2015-10-07'),
(346, 2, '5004', '5004', '2015-09-07', '2015-09-08', '2', 0, '2015-10-05'),
(347, 2, '4504', '4504', '2015-10-05', '2015-10-06', '2', 0, '2015-10-08'),
(348, 2, '5002', '5002', '2015-10-04', '2015-10-05', '2', 0, '2015-10-08'),
(349, 2, '5009', '5009', '2015-10-06', '2015-10-15', '10', 0, '2015-10-10'),
(350, 2, '5013', '5013', '2015-10-06', '2015-10-15', '10', 0, '2015-10-10'),
(351, 2, '5027', '5027', '2015-10-18', '2015-10-27', '10', 0, '2015-10-10'),
(352, 2, '5022', '5022', '2015-10-01', '2015-10-10', '10', 0, '2015-10-10'),
(353, 2, '5030', '5030', '2015-09-02', '2015-09-11', '10', 0, '2015-10-10'),
(354, 2, '5020', '5020', '2015-10-02', '2015-10-04', '3', 0, '2015-10-11'),
(355, 2, '4504', '4504', '2015-10-07', '2015-10-11', '5', 0, '2015-10-12'),
(356, 2, '5002', '5002', '2015-10-06', '2015-10-09', '4', 0, '2015-10-12'),
(357, 2, '5012', '5012', '2015-09-21', '2015-10-09', '19', 0, '2015-10-12'),
(358, 2, '5014', '5014', '2015-10-31', '2015-11-13', '14', 0, '2015-10-12'),
(359, 2, '5026', '5026', '2015-09-15', '2015-09-24', '10', 0, '2015-10-12'),
(360, 2, '5004', '5004', '2015-09-09', '2015-09-10', '2', 0, '2015-10-08'),
(361, 2, '5004', '5004', '2015-09-11', '2015-09-12', '2', 0, '2015-10-14'),
(362, 2, '5028', '5028', '2015-09-24', '2015-09-30', '7', 0, '2015-10-14'),
(363, 2, '5028', '5028', '2015-10-01', '2015-10-04', '4', 0, '2015-10-15'),
(364, 2, '4504', '4504', '2015-10-12', '2015-10-16', '5', 0, '2015-10-16'),
(365, 2, '5002', '5002', '2015-10-10', '2015-10-13', '4', 0, '2015-10-16'),
(366, 2, '5004', '5004', '2015-09-13', '2015-09-14', '2', 0, '2015-10-15'),
(367, 2, '5004', '5004', '2015-09-15', '2015-09-15', '1', 0, '2015-10-17'),
(368, 2, '5033', '5033', '2015-09-10', '2015-09-19', '10', 0, '2015-10-17'),
(369, 2, '5004', '5004', '2015-09-16', '2015-09-16', '1', 0, '2015-10-18'),
(370, 2, '5025', '5025', '2015-09-07', '2015-09-26', '20', 0, '2015-10-18'),
(371, 2, '5013', '5013', '2015-10-16', '2015-10-25', '10', 0, '2015-10-18'),
(372, 2, '5009', '5009', '2015-10-16', '2015-10-25', '10', 0, '2015-10-18'),
(373, 2, '5020', '5020', '2015-10-05', '2015-10-08', '4', 0, '2015-10-18'),
(374, 2, '5002', '5002', '2015-10-14', '2015-10-17', '4', 0, '2015-10-20'),
(375, 2, '5020', '5020', '2015-10-09', '2015-10-12', '4', 0, '2015-10-20'),
(376, 2, '5004', '5004', '2015-09-17', '2015-09-18', '2', 0, '2015-10-20'),
(377, 2, '4503', '4503', '2015-10-23', '2015-11-16', '25', 0, '2015-10-21'),
(378, 2, '5015', '5015', '2015-10-01', '2015-10-15', '15', 0, '2015-10-07'),
(379, 2, '5015', '5015', '2015-10-16', '2015-10-31', '16', 0, '2015-10-21'),
(380, 2, '5020', '5020', '2015-10-13', '2015-10-16', '4', 0, '2015-10-22'),
(381, 2, '5019', '5019', '2015-09-19', '2015-09-28', '10', 0, '2015-10-22'),
(382, 2, '5023', '5023', '2015-10-05', '2015-10-14', '10', 0, '2015-10-22'),
(383, 2, '5022', '5022', '2015-10-11', '2015-10-20', '10', 0, '2015-10-22'),
(384, 2, '5004', '5004', '2015-09-19', '2015-09-22', '4', 0, '2015-10-24'),
(385, 2, '5003', '5003', '2015-09-29', '2015-10-04', '6', 0, '2015-10-24'),
(386, 2, '5028', '5028', '2015-10-05', '2015-10-14', '10', 0, '2015-10-24'),
(387, 2, '5026', '5026', '2015-09-25', '2015-10-14', '20', 0, '2015-10-24'),
(388, 2, '5012', '5012', '2015-10-10', '2015-10-26', '17', 0, '2015-10-24'),
(389, 2, '5004', '5004', '2015-09-23', '2015-09-23', '1', 0, '2015-10-25'),
(390, 2, '5003', '5003', '2015-10-05', '2015-10-07', '3', 0, '2015-10-25'),
(391, 2, '5004', '5004', '2015-09-24', '2015-09-25', '2', 0, '2015-10-26'),
(392, 2, '5018', '5018', '2015-09-16', '2015-10-19', '34', 0, '2015-10-26'),
(393, 2, '5018', '5018', '2015-09-16', '2015-09-16', '1', 0, '2015-11-07'),
(394, 2, '4504', '4504', '2015-10-17', '2015-10-21', '5', 0, '2015-10-27'),
(395, 2, '5002', '5002', '2015-10-18', '2015-10-25', '8', 0, '2015-10-27'),
(396, 2, '5002', '5002', '2015-10-26', '2015-10-30', '5', 0, '2015-10-31'),
(397, 2, '5002', '5002', '2015-10-31', '2015-11-02', '3', 0, '2015-11-06'),
(398, 2, '4504', '4504', '2015-10-22', '2015-11-05', '15', 0, '2015-11-06'),
(399, 2, '5020', '5020', '2015-10-17', '2015-10-22', '6', 0, '2015-10-27'),
(400, 2, '5004', '5004', '2015-09-26', '2015-09-27', '2', 0, '2015-10-29'),
(401, 2, '5028', '5028', '2015-10-15', '2015-10-18', '4', 0, '2015-10-29'),
(402, 2, '5004', '5004', '2015-09-28', '2015-09-29', '2', 0, '2015-10-30'),
(403, 2, '5026', '5026', '2015-10-15', '2015-10-24', '10', 0, '2015-10-31'),
(404, 2, '4506', '4506', '2015-10-04', '2015-10-31', '28', 0, '2015-11-01'),
(405, 2, '5023', '5023', '2015-10-15', '2015-10-24', '10', 0, '2015-11-01'),
(406, 2, '5022', '5022', '2015-10-21', '2015-10-30', '10', 0, '2015-11-01'),
(407, 2, '5004', '5004', '2015-09-30', '2015-10-01', '2', 0, '2015-11-02'),
(408, 2, '5020', '5020', '2015-10-23', '2015-10-28', '6', 0, '2015-11-02'),
(409, 2, '5004', '5004', '2015-10-02', '2015-10-03', '2', 0, '2015-11-06'),
(410, 2, '5003', '5003', '2015-10-08', '2015-10-27', '20', 0, '2015-11-06'),
(411, 2, '5028', '5028', '2015-10-19', '2015-10-28', '10', 0, '2015-11-06'),
(412, 2, '5007', '5007', '2015-09-16', '2015-10-25', '40', 0, '2015-11-07'),
(413, 2, '4503', '4503', '2015-11-17', '2015-12-11', '25', 0, '2015-11-07'),
(414, 2, '5023', '5023', '2015-10-25', '2015-11-03', '10', 0, '2015-11-07'),
(415, 2, '5022', '5022', '2015-10-31', '2015-11-09', '10', 0, '2015-11-07'),
(416, 2, '5013', '5013', '2015-10-26', '2015-11-14', '20', 0, '2015-11-07'),
(417, 2, '5009', '5009', '2015-10-26', '2015-11-14', '20', 0, '2015-11-07'),
(418, 2, '5032', '5032', '2015-11-17', '2015-12-16', '30', 0, '2015-11-08'),
(419, 2, '5004', '5004', '2015-10-04', '2015-10-05', '2', 0, '2015-11-08'),
(420, 2, '5006', '5006', '2015-10-15', '2015-11-30', '47', 0, '2015-11-08');

-- --------------------------------------------------------

--
-- Struktur dari tabel `tb_kelompok`
--

CREATE TABLE IF NOT EXISTS `tb_kelompok` (
  `id_kelompok` int(14) NOT NULL AUTO_INCREMENT,
  `nama_kelompok` varchar(60) NOT NULL,
  PRIMARY KEY (`id_kelompok`)
) ENGINE=MyISAM  DEFAULT CHARSET=latin1 AUTO_INCREMENT=3 ;

--
-- Dumping data untuk tabel `tb_kelompok`
--

INSERT INTO `tb_kelompok` (`id_kelompok`, `nama_kelompok`) VALUES
(1, 'IIM'),
(2, 'Setiawati');

-- --------------------------------------------------------

--
-- Struktur dari tabel `tb_paket`
--

CREATE TABLE IF NOT EXISTS `tb_paket` (
  `id_paket` int(14) NOT NULL AUTO_INCREMENT,
  `nama_paket` varchar(15) NOT NULL,
  `harga_paket` varchar(15) NOT NULL,
  `administrasi` varchar(15) NOT NULL,
  PRIMARY KEY (`id_paket`)
) ENGINE=MyISAM  DEFAULT CHARSET=latin1 AUTO_INCREMENT=46 ;

--
-- Dumping data untuk tabel `tb_paket`
--

INSERT INTO `tb_paket` (`id_paket`, `nama_paket`, `harga_paket`, `administrasi`) VALUES
(1, 'SEMBAKO A', '1500', '30000'),
(2, 'SEMBAKO B', '1500', '30000'),
(3, 'SEMBAKO C', '1500', '30000'),
(4, 'SEMBAKO D', '1500', '30000'),
(5, 'SEMBAKO E', '1500', '30000'),
(6, 'SEMBAKO F', '1500', '30000'),
(7, 'SEMBAKO G', '1500', '30000'),
(8, 'SEMBAKO H', '1500', '30000'),
(9, 'SEMBAKO I', '1500', '30000'),
(10, 'SEMBAKO J', '1500', '30000'),
(11, 'SEMBAKO K', '1500', '30000'),
(12, 'SEMBAKO L', '1500', '30000'),
(13, 'SEMBAKO M', '2500', '40000'),
(14, 'SEMBAKO N', '2000', '40000'),
(15, 'SEMBAKO O', '2000', '40000'),
(16, 'SEMBAKO P', '2000', '40000'),
(17, 'SEMBAKO Q', '2000', '40000'),
(18, 'SEMBAKO R', '2000', '40000'),
(19, 'SEMBAKO S', '2000', '40000'),
(20, 'SEMBAKO T', '2000', '40000'),
(21, 'SEMBAKO U', '2000', '40000'),
(22, 'SEMBAKO V', '2000', '40000'),
(23, 'SEMBAKO W', '2000', '40000'),
(24, 'SEMBAKO X', '2000', '40000'),
(25, 'SEMBAKO Y', '2000', '40000'),
(26, 'SEMBAKO Z', '2000', '40000'),
(27, 'UANG 1000', '1000', '20000'),
(28, 'UANG 2000', '2000', '20000'),
(29, 'UANG 3000', '3000', '20000'),
(30, 'UANG 4000', '4000', '40000'),
(31, 'UANG 5000', '5000', '40000'),
(32, 'UANG 6000', '6000', '40000'),
(33, 'UANG 7000', '7000', '60000'),
(34, 'UANG 8000', '8000', '60000'),
(35, 'UANG 9000', '9000', '60000'),
(36, 'UANG 10000', '10000', '60000'),
(37, 'UANG 11000', '11000', '80000'),
(38, 'UANG 20000', '20000', '100000'),
(39, 'UANG 21000', '21000', '120000'),
(40, 'UANG 30000', '30000', '150000'),
(41, 'UANG 31000', '31000', '150000'),
(42, 'UANG 40000', '40000', '150000'),
(43, 'UANG 50000', '50000', '150000'),
(44, 'UANG 51000', '51000', '200000'),
(45, 'UANG 100000', '100000', '200000');

-- --------------------------------------------------------

--
-- Struktur dari tabel `tb_paket_detail`
--

CREATE TABLE IF NOT EXISTS `tb_paket_detail` (
  `id_paket_detail` int(14) NOT NULL AUTO_INCREMENT,
  `id_paket` varchar(14) DEFAULT NULL,
  `nama_paket_detail` varchar(70) DEFAULT NULL,
  `isi` varchar(70) DEFAULT NULL,
  PRIMARY KEY (`id_paket_detail`)
) ENGINE=MyISAM  DEFAULT CHARSET=latin1 AUTO_INCREMENT=74 ;

--
-- Dumping data untuk tabel `tb_paket_detail`
--

INSERT INTO `tb_paket_detail` (`id_paket_detail`, `id_paket`, `nama_paket_detail`, `isi`) VALUES
(1, '1', 'Daging', '1 Kg'),
(2, '1', 'Beras', '5 Kg'),
(3, '1', 'Gulaku', '2 Kg'),
(4, '1', 'Bimoli', '2 Kg'),
(5, '1', 'Terigu Segitiga Biru', '2 Kg'),
(6, '1', 'Kacang kupas', '2 Kg'),
(7, '2', 'Terigu Segitiga Biru', '5 Kg'),
(8, '2', 'Gulaku', '5 Kg'),
(9, '2', 'Blueband', '5 Sac'),
(10, '2', 'Bimoli', '5 Liter'),
(11, '2', 'Kacang Kupas', '3 Kg'),
(12, '3', 'Kue Nastar', '2 Toples'),
(13, '3', 'Kue Keju', '2 Toples'),
(14, '3', 'Kue Sagu Keju', '1 Toples'),
(15, '3', 'Kacang Mede', '2 Toples'),
(16, '4', 'Daging', '2,5 Kg'),
(17, '5', 'Beras', '25 Kg'),
(18, '6', 'Daging', '2 Kg'),
(19, '6', 'Beras', '5 Kg'),
(20, '7', 'Kue Nastar', '1 Toples'),
(21, '7', 'Kue Keju', '1 Toples'),
(22, '7', 'Kue Salju', '1 Toples'),
(23, '7', 'Kacang Mede', '1 Toples'),
(24, '7', 'Konguan Kecil', '1 Kaleng'),
(25, '7', 'Monde Kecil', '1 Kaleng'),
(26, '7', 'Sirup ABC', '1 Botol'),
(27, '7', 'Sirup Marjan', '1 Botol'),
(28, '8', 'Konguan Kecil', '1 Kaleng'),
(29, '8', 'Monde Kecil', '1 Kaleng'),
(30, '8', 'Wafer', '1 Kaleng'),
(31, '8', 'Astor', '1 Kaleng'),
(32, '8', 'Biskuit Kelapa', '1 Kaleng'),
(33, '8', 'Biskuit Lemon', '1 Kaleng'),
(34, '8', 'Walens Choco Soes', '1 Kaleng'),
(35, '8', 'Egg Roll Kecil', '1 Kaleng'),
(36, '9', 'Indomie Kari', '1 Dus'),
(37, '9', 'Indomie Soto', '1 Dus'),
(38, '9', 'Indomie Goreng', '1 Dus'),
(39, '9', 'Botan', '3 Kaleng'),
(40, '9', 'Kecap', '1 Botol'),
(41, '9', 'Saus Belibis', '1 Botol'),
(42, '10', 'Konguan Besar', '1 Kaleng'),
(43, '10', 'Monde Besar', '1 Kaleng'),
(44, '10', 'Pie Selection', '1 Kaleng'),
(45, '10', 'Egg Roll Besar', '1 Kaleng'),
(46, '10', 'Sirup ABC', '1 Botol'),
(47, '10', 'Sirup Marjan', '1 Botol'),
(48, '11', 'Pastel', '1 Kg'),
(49, '11', 'Sumpia', '1 Kg'),
(50, '11', 'Stik Keju', '1 Kg'),
(51, '11', 'Stik Balado', '1 Kg'),
(52, '11', 'Kacang Atom', '1/2 Kg'),
(53, '11', 'Kacang Mede', '1/2 Kg'),
(54, '11', 'Kacang Thailan', '1/2 Kg'),
(55, '12', 'Daging', '1 Kg'),
(56, '12', 'Beras', '5 Kg'),
(57, '12', 'Kue Nastar', '1 Toples'),
(58, '12', 'Kue Keju', '1 Toples'),
(59, '12', 'Kue Salju', '1 Toples'),
(60, '12', 'Sirup ABC', '1 Botol'),
(61, '12', 'Sirup Marjan', '1 Botol'),
(62, '13', 'Beras', '50 Kg'),
(63, '14', 'Monde Besar', '1 Kaleng'),
(64, '14', 'Egg Roll Besar', '1 Kaleng'),
(65, '14', 'Pie Selection', '1 Kaleng'),
(66, '14', 'Good Time Besar', '1 Kaleng'),
(67, '14', 'Biskuit Lemon', '1 Kaleng'),
(68, '14', 'Walens Choco Soes', '1 Kaleng'),
(69, '14', 'Wafer', '1 Kaleng'),
(70, '14', 'Biskuit Kelapa', '1 Kaleng'),
(71, '14', 'Longer', '1 Kaleng'),
(72, '15', 'Daging', '3 Kg'),
(73, '15', 'Beras', '5 Kg');

-- --------------------------------------------------------

--
-- Struktur dari tabel `tb_pelanggan`
--

CREATE TABLE IF NOT EXISTS `tb_pelanggan` (
  `id_pelanggan` varchar(4) NOT NULL,
  `nama` varchar(70) NOT NULL,
  `alamat` text NOT NULL,
  `telepon` varchar(20) NOT NULL,
  `tgl_daftar` datetime NOT NULL,
  PRIMARY KEY (`id_pelanggan`)
) ENGINE=MyISAM DEFAULT CHARSET=latin1;

--
-- Dumping data untuk tabel `tb_pelanggan`
--

INSERT INTO `tb_pelanggan` (`id_pelanggan`, `nama`, `alamat`, `telepon`, `tgl_daftar`) VALUES
('4501', 'RINA', 'JL. SAGULING 1 NO 13 PERUMNAS 2 TANGERANG', '089664726526', '2015-07-25 18:33:04'),
('4502', 'SUDARMI', 'JL. SAGULING 1 NO  PERUMNAS 2 TANGERANG', '-', '2015-07-25 18:35:41'),
('4503', 'ERMIATY', 'JL. SAGULING 1 NO 10 PERUMNAS 2 TANGERANG', '085813641144', '2015-07-25 18:37:01'),
('4504', 'DEDEH', 'JL. SAGULING 1 NO 15 PERUMNAS 2 TANGERANG', '-', '2015-07-25 19:10:27'),
('4505', 'AGIL', 'JL. SAGULING 4 NO 8 PERUMNAS 2 TANGERANG', '-', '2015-07-25 19:12:15'),
('4506', 'NENY SUMARNY', 'JL. SAGULING 2 NO 12 PERUMNAS 2 TANGERANG', '08111895461', '2015-07-25 19:11:39'),
('4507', 'HJ SULIS', 'JL. SAGULING 1 NO 13 PERUMNAS 2 TANGERANG\r\n', '085714544500', '2015-07-26 11:47:07'),
('4508', 'HARRY OKTOMARIZAL', 'JL. CITAYEM', '085752845335', '2015-08-15 20:21:36'),
('4509', 'LISDAWATI', 'JL. SAGULING 2', '-', '2015-08-23 18:06:23'),
('5001', 'SUDARMI', 'JL. SAGULING 1 NO PERUMNAS 2 TANGERANG\r\n', '-', '2015-07-26 11:43:57'),
('5002', 'DEDEH', 'JL. SAGULING 1 NO 15 PERUMNAS 2 TANGERANG', '-', '2015-07-25 19:11:04'),
('5003', 'DWI ARI SANDY', 'JL. SAGULING 1 NO 14 PERUMNAS 2 TANGERANG', '085717422155', '2015-07-25 19:12:54'),
('5004', 'EKO BUDI SANTOSO', 'JL. SAGULING 1 NO 14 PERUMNAS 2 TANGERANG', '085717422155', '2015-07-25 19:13:38'),
('5005', 'SESI', 'JL. SAGULING 2', '-', '2015-07-26 11:33:52'),
('5006', 'KOMARIAH', 'JL. SAGULING RAYA NO 6 PERUMNAS 2 TANGERANG', '0215910783', '2015-07-26 11:34:30'),
('5007', 'HJ TATI', 'JL. SAGULING RAYA NO 8 PERUMNAS 2 TANGERANG', '085782499370', '2015-07-26 11:35:14'),
('5008', 'OOM KOMALASARI', 'JL. SAGULING 4 NO 7 PERUMNAS 2 TANGERANG', '081284298763', '2015-07-26 11:37:06'),
('5009', 'SAULINA NURMALA', 'JL. SAGULING 2 NO 8 PERUMNAS 2 TANGERANG', '081318005467', '2015-07-26 11:38:23'),
('5010', 'VENIA ANDIATI', 'JL. SAGULING 3 NO 6 PERUMNAS 2 TANGERANG', '083893807504', '2015-07-26 11:39:18'),
('5011', 'ALDI SURYA PRASETYA', 'JL. SAGULING 3 NO 6 PERUMNAS 2 TANGERANG\r\n', '083878558855', '2015-07-26 11:43:17'),
('5012', 'TRI INTAN LESTARI', 'JL. SAGULING 2 NO 4 PERUMNAS 2 TANGERANG\r\n', '85694456006', '2015-07-26 11:41:31'),
('5013', 'ANNISA RIZKYTA', 'JL. SAGULING 2 NO 8 PERUMNAS 2 TANGERANG', '087871016024', '2015-07-26 11:40:11'),
('5014', 'SYAPARIAH', 'JL. SAGULING 2 NO 4 PERUMNAS 2 TANGERANG\r\n', '085711833445', '2015-07-26 11:42:09'),
('5015', 'MIRA', 'JL. SAGULING 3 NO PERUMNAS 2 TANGERANG\r\n', '081386797054', '2015-07-26 11:46:37'),
('5016', 'NANA MARYANA', 'JL. SAGULING 2 NO 10 PERUMNAS 2 TANGERANG\r\n', '085966432998', '2015-07-26 11:44:31'),
('5017', 'ETTY MURTIANA', 'JL. SAGULING 2 NO 10 PERUMNAS 2 TANGERANG\r\n', '08981276364', '2015-07-26 11:45:21'),
('5018', 'HESTI DESMAYATI', 'JL. SAGULING 1 NO 14 PERUMNAS 2 TANGERANG\r\n', '087809190757', '2015-07-26 11:45:54'),
('5019', 'SULIS', 'JL. SAGULING 1 NO 13 PERUMNAS 2 TANGERANG', '', '0000-00-00 00:00:00'),
('5020', 'TANJUNG', 'JL. SAGULING 1 NO PERUMNAS 2 TANGERANG', '-', '2015-07-29 22:49:03'),
('5021', 'VIETHA', 'JL. SAGULING', '-', '2015-07-30 00:02:55'),
('5022', 'MAMA ANDRE', '-', '-', '2015-08-15 19:31:49'),
('5023', 'ANDRE', '-', '-', '2015-08-15 19:31:51'),
('5024', 'UNI MINAR', '-', '-', '2015-08-15 19:31:55'),
('5025', 'PERY', 'MRICAN', '-', '2015-08-15 19:31:58'),
('5026', 'RIAN', 'MRICAN', '-', '2015-08-15 19:32:01'),
('5027', 'YURNITA', 'MRICAN RAYA NO 14', '-', '2015-08-15 19:32:04'),
('5028', 'MM DWI', 'SAGULING I ', '-', '2015-08-15 19:32:07'),
('5029', 'BU YUDI', 'SAGULING 3', '-', '2015-08-15 19:32:11'),
('5030', 'YONO', 'JL. SAGULING 2', '-', '2015-08-17 17:39:41'),
('5031', 'MM DWI', 'JL. SAGULING 1', '-', '2015-09-02 18:12:25'),
('5032', 'BU JOKO', '-', '-', '2015-09-06 18:15:05'),
('5033', 'HJ ROSINA', '-', '-', '2015-09-06 18:43:56');

-- --------------------------------------------------------

--
-- Struktur dari tabel `tb_pemesanan`
--

CREATE TABLE IF NOT EXISTS `tb_pemesanan` (
  `id_pemesanan` varchar(4) NOT NULL,
  `id_pelanggan` varchar(4) NOT NULL,
  `id_paket` int(14) NOT NULL,
  `id_kelompok` int(14) NOT NULL,
  `kd_buku` varchar(6) NOT NULL,
  `adm` varchar(15) NOT NULL,
  `harga` varchar(15) NOT NULL,
  `keterangan` text NOT NULL,
  `tgl_pesan` datetime NOT NULL,
  `status` enum('LUNAS','BELUM','TIDAK AKTIF') NOT NULL,
  PRIMARY KEY (`id_pemesanan`)
) ENGINE=MyISAM DEFAULT CHARSET=latin1;

--
-- Dumping data untuk tabel `tb_pemesanan`
--

INSERT INTO `tb_pemesanan` (`id_pemesanan`, `id_pelanggan`, `id_paket`, `id_kelompok`, `kd_buku`, `adm`, `harga`, `keterangan`, `tgl_pesan`, `status`) VALUES
('4501', '4501', 24, 1, '881134', '40000', '2000', '', '2015-07-31 00:39:34', 'LUNAS'),
('4502', '4502', 24, 1, '128357', '40000', '2000', '', '2015-07-31 00:39:40', 'BELUM'),
('4503', '4503', 24, 1, '996949', '40000', '2000', '', '2015-07-31 00:39:44', 'BELUM'),
('4504', '4504', 15, 1, '542786', '40000', '2000', 'BERAS DIGANTI MONDE', '2015-07-31 00:39:44', 'BELUM'),
('4505', '4505', 1, 1, '949463', '30000', '1500', '', '2015-07-31 00:39:44', 'BELUM'),
('4506', '4506', 6, 1, '522919', '30000', '1500', '', '2015-07-31 00:39:44', 'BELUM'),
('4507', '4507', 12, 1, '100000', '30000', '1500', '', '2015-07-31 00:39:44', 'LUNAS'),
('4508', '4508', 23, 1, '242523', '40000', '2000', '-', '2015-08-03 18:48:29', 'BELUM'),
('4509', '4509', 24, 1, '494324', '40000', '2000', '-', '2015-08-23 18:06:23', 'BELUM'),
('5001', '5001', 31, 1, '875031', '40000', '5000', '', '2015-07-31 00:39:44', 'BELUM'),
('5002', '5002', 31, 1, '257049', '20000', '5000', '', '2015-07-31 00:39:44', 'BELUM'),
('5003', '5003', 31, 1, '936890', '40000', '5000', '', '2015-07-31 00:39:44', 'BELUM'),
('5004', '5004', 40, 1, '486633', '150000', '30000', '', '2015-07-31 00:39:44', 'BELUM'),
('5005', '5005', 29, 1, '303467', '40000', '4000', '', '2015-07-31 00:39:44', 'BELUM'),
('5006', '5006', 29, 1, '914734', '20000', '3000', '', '2015-07-31 00:39:44', 'BELUM'),
('5007', '5007', 31, 1, '691529', '40000', '5000', '', '2015-07-31 00:39:44', 'BELUM'),
('5008', '5008', 31, 1, '785248', '40000', '5000', '', '2015-07-31 00:39:44', 'BELUM'),
('5009', '5009', 31, 1, '598694', '40000', '5000', '', '2015-07-31 00:39:44', 'BELUM'),
('5010', '5010', 29, 1, '944825', '20000', '3000', '', '2015-07-31 00:39:44', 'BELUM'),
('5011', '5011', 29, 1, '132263', '20000', '3000', '', '2015-07-31 00:39:44', 'BELUM'),
('5012', '5012', 29, 1, '407104', '20000', '3000', '', '2015-07-31 00:39:44', 'BELUM'),
('5013', '5013', 31, 1, '609192', '40000', '5000', '', '2015-07-31 00:39:44', 'BELUM'),
('5014', '5014', 31, 1, '236114', '40000', '5000', '', '2015-07-31 00:39:44', 'BELUM'),
('5015', '5015', 36, 1, '545868', '60000', '10000', '', '2015-07-31 00:39:44', 'BELUM'),
('5016', '5016', 32, 1, '788727', '40000', '6000', '', '2015-07-31 00:39:44', 'BELUM'),
('5017', '5017', 36, 1, '922120', '60000', '10000', '', '2015-07-31 00:39:44', 'BELUM'),
('5018', '5018', 29, 1, '757660', '20000', '3000', '', '2015-07-31 00:39:44', 'BELUM'),
('5019', '5019', 31, 1, '714386', '40000', '5000', '', '2015-07-31 00:39:44', 'BELUM'),
('5020', '5020', 31, 1, '623230', '40000', '5000', '', '2015-07-31 00:39:44', 'BELUM'),
('5021', '5021', 31, 1, '139373', '40000', '5000', '', '2015-07-31 00:39:44', 'BELUM'),
('5022', '5022', 38, 1, '481842', '100000', '20000', '-', '2015-08-03 01:06:31', 'BELUM'),
('5023', '5023', 31, 1, '833618', '40000', '5000', '-', '2015-08-03 01:09:31', 'BELUM'),
('5024', '5024', 31, 1, '909760', '40000', '5000', '-', '2015-08-03 01:10:13', 'BELUM'),
('5025', '5025', 31, 1, '787567', '40000', '5000', '-', '2015-08-05 01:13:16', 'BELUM'),
('5026', '5026', 36, 1, '268127', '60000', '10000', '-', '2015-08-05 01:13:46', 'BELUM'),
('5027', '5027', 36, 1, '985352', '60000', '10000', '-', '2015-08-09 20:54:04', 'BELUM'),
('5028', '5028', 29, 1, '137634', '20000', '3000', '-', '2015-08-09 20:58:13', 'BELUM'),
('5029', '5029', 31, 1, '721070', '40000', '5000', '-', '2015-08-09 21:00:56', 'BELUM'),
('5030', '5030', 32, 1, '325500', '40000', '6000', '-', '2015-08-17 17:39:41', 'BELUM'),
('5031', '5031', 28, 1, '884522', '20000', '2000', '-', '2015-09-02 18:12:25', 'BELUM'),
('5032', '5032', 28, 1, '425476', '20000', '2000', '-', '2015-09-06 18:15:06', 'BELUM'),
('5033', '5033', 31, 1, '819458', '40000', '5000', '-', '2015-09-06 18:43:56', 'BELUM');

-- --------------------------------------------------------

--
-- Struktur dari tabel `tb_user`
--

CREATE TABLE IF NOT EXISTS `tb_user` (
  `id_user` int(14) NOT NULL AUTO_INCREMENT,
  `username` varchar(20) NOT NULL,
  `password` varchar(255) NOT NULL,
  `nama_user` varchar(50) NOT NULL,
  `foto` varchar(255) NOT NULL,
  PRIMARY KEY (`id_user`)
) ENGINE=MyISAM  DEFAULT CHARSET=latin1 AUTO_INCREMENT=5 ;

--
-- Dumping data untuk tabel `tb_user`
--

INSERT INTO `tb_user` (`id_user`, `username`, `password`, `nama_user`, `foto`) VALUES
(1, 'admin', 'cd8ebac55574c01926f32c9774f914b5c351b423', 'Administrator', 'user.png'),
(2, 'luqman', 'cd8ebac55574c01926f32c9774f914b5c351b423', 'Luqman Hakim Nadzari', 'luqman.jpg'),
(3, 'subagio', 'cd8ebac55574c01926f32c9774f914b5c351b423', 'Subagio Muhajilin', 'user.png'),
(4, 'sulis', 'cd8ebac55574c01926f32c9774f914b5c351b423', 'Sulistiowati', 'user.png');

/*!40101 SET CHARACTER_SET_CLIENT=@OLD_CHARACTER_SET_CLIENT */;
/*!40101 SET CHARACTER_SET_RESULTS=@OLD_CHARACTER_SET_RESULTS */;
/*!40101 SET COLLATION_CONNECTION=@OLD_COLLATION_CONNECTION */;
